steptime,total_wait_time_0,total_wait_time_1,total_wait_time_2,total_wait_time_3
5.0,0.0,0.0,0.0,0.0
10.0,0.0,0.0,0.0,0.0
15.0,0.0,0.0,0.0,0.0
20.0,0.0,0.0,0.0,0.0
25.0,0.0,0.0,0.0,0.0
30.0,0.0,0.0,0.0,0.0
35.0,0.0,0.0,0.0,0.0
40.0,0.0,0.0,0.0,0.0
45.0,0.0,0.0,0.0,0.0
50.0,0.0,0.0,0.0,0.0
55.0,0.0,0.0,0.0,0.0
60.0,0.0,0.0,0.0,0.0
65.0,0.0,0.0,0.0,0.0
70.0,0.0,0.0,0.0,0.0
75.0,0.0,0.0,0.0,0.0
80.0,0.0,0.0,0.0,0.0
85.0,2.0,0.0,0.0,0.0
90.0,16.0,3.0,7.0,1.0
95.0,40.0,20.0,4.0,9.0
100.0,32.0,47.0,3.0,20.0
105.0,40.0,8.0,3.0,25.0
110.0,36.0,18.0,4.0,32.0
115.0,9.0,14.0,22.0,42.0
120.0,37.0,35.0,67.0,43.0
125.0,74.0,18.0,45.0,68.0
130.0,101.0,58.0,88.0,132.0
135.0,120.0,115.0,151.0,196.0
140.0,200.0,177.0,119.0,250.0
145.0,220.0,250.0,135.0,321.0
150.0,252.0,365.0,185.0,357.0
155.0,338.0,491.0,209.0,435.0
160.0,471.0,609.0,268.0,458.0
165.0,554.0,748.0,385.0,475.0
170.0,521.0,910.0,544.0,527.0
175.0,636.0,1063.0,643.0,644.0
180.0,741.0,1247.0,710.0,786.0
185.0,838.0,1499.0,889.0,952.0
190.0,971.0,1692.0,1028.0,1099.0
195.0,1182.0,1892.0,1175.0,1276.0
200.0,1350.0,2169.0,1348.0,1487.0
205.0,1521.0,2437.0,1588.0,1664.0
210.0,1676.0,2582.0,1841.0,1918.0
215.0,1906.0,2599.0,2099.0,2175.0
220.0,2145.0,2645.0,2408.0,2493.0
225.0,2352.0,2806.0,2765.0,2746.0
230.0,2619.0,3093.0,3086.0,2781.0
235.0,2863.0,3428.0,3458.0,2901.0
240.0,3122.0,3715.0,3849.0,3115.0
245.0,3396.0,4060.0,4116.0,3355.0
250.0,3674.0,4408.0,4337.0,3629.0
255.0,3986.0,4738.0,4558.0,3972.0
260.0,4381.0,5150.0,4861.0,4329.0
265.0,4740.0,5607.0,5290.0,4693.0
270.0,5046.0,6048.0,5700.0,5069.0
275.0,5401.0,6538.0,6175.0,5478.0
280.0,5781.0,6984.0,6645.0,5887.0
285.0,6190.0,7438.0,7100.0,6348.0
290.0,6614.0,7964.0,7626.0,6780.0
295.0,7130.0,8503.0,8217.0,7266.0
300.0,7563.0,9043.0,8743.0,7756.0
305.0,7932.0,9616.0,9264.0,8251.0
310.0,8173.0,10192.0,9823.0,8790.0
315.0,8382.0,10755.0,10368.0,9383.0
320.0,8807.0,11375.0,11003.0,9933.0
325.0,9254.0,11740.0,11668.0,10492.0
330.0,9773.0,11876.0,12326.0,11087.0
335.0,10353.0,11874.0,12676.0,11712.0
340.0,10503.0,12411.0,12685.0,12341.0
345.0,10171.0,12908.0,12340.0,13009.0
350.0,9844.0,13505.0,12886.0,13632.0
355.0,10189.0,14147.0,13460.0,14287.0
360.0,10550.0,14776.0,14016.0,14553.0
365.0,10965.0,15460.0,14622.0,14192.0
370.0,11443.0,16172.0,15279.0,13923.0
375.0,11932.0,16900.0,15943.0,14432.0
380.0,12508.0,16603.0,16701.0,14949.0
385.0,12886.0,16269.0,17420.0,15484.0
390.0,13161.0,15524.0,18159.0,16072.0
395.0,13342.0,16053.0,18510.0,16718.0
400.0,13886.0,16541.0,18541.0,17428.0
405.0,14340.0,17019.0,18329.0,17750.0
410.0,14816.0,17520.0,18923.0,18393.0
415.0,14986.0,18079.0,19596.0,19091.0
420.0,14427.0,18718.0,20225.0,19404.0
425.0,13781.0,19468.0,19894.0,19073.0
430.0,13890.0,20174.0,19951.0,18725.0
435.0,14213.0,20393.0,19522.0,19180.0
440.0,14551.0,20187.0,19989.0,19614.0
445.0,14948.0,19456.0,20416.0,20140.0
450.0,15422.0,20032.0,20900.0,20693.0
455.0,15884.0,20661.0,21331.0,21238.0
460.0,16312.0,21294.0,21870.0,21861.0
465.0,16814.0,21924.0,22406.0,22496.0
470.0,17345.0,22670.0,23074.0,23178.0
475.0,17853.0,23394.0,23755.0,23606.0
480.0,18417.0,23690.0,24495.0,23565.0
485.0,19006.0,23481.0,24914.0,23161.0
490.0,19493.0,23105.0,25051.0,23717.0
495.0,19789.0,23480.0,25315.0,24295.0
500.0,19818.0,24033.0,25705.0,24806.0
505.0,19799.0,24572.0,26214.0,25079.0
510.0,20193.0,25097.0,26783.0,25137.0
515.0,20672.0,25195.0,27392.0,25042.0
520.0,21096.0,24983.0,27289.0,25629.0
525.0,21565.0,24694.0,26512.0,26088.0
530.0,22110.0,25114.0,25072.0,26606.0
535.0,22621.0,25556.0,25544.0,27190.0
540.0,23179.0,26023.0,26015.0,27815.0
545.0,23549.0,26599.0,26309.0,28462.0
550.0,23625.0,27166.0,26575.0,29066.0
555.0,23619.0,27676.0,27072.0,29402.0
560.0,23976.0,28276.0,27552.0,29494.0
565.0,24363.0,28587.0,27735.0,29546.0
570.0,24841.0,28459.0,28260.0,30031.0
575.0,25397.0,28014.0,28470.0,30517.0
580.0,25900.0,28389.0,28440.0,30966.0
585.0,26232.0,28765.0,28177.0,31511.0
590.0,26447.0,29255.0,28505.0,32099.0
595.0,26629.0,29893.0,29011.0,32690.0
600.0,26941.0,30516.0,29456.0,33326.0
605.0,27396.0,30706.0,29960.0,33724.0
610.0,27872.0,30541.0,30522.0,33833.0
615.0,28348.0,30070.0,30847.0,33744.0
620.0,28776.0,30409.0,30814.0,34197.0
625.0,28955.0,30880.0,30695.0,34676.0
630.0,29108.0,31380.0,30972.0,35243.0
635.0,29496.0,31951.0,31421.0,35863.0
640.0,29926.0,32169.0,31943.0,36439.0
645.0,30401.0,32113.0,32345.0,36791.0
650.0,30908.0,32091.0,32961.0,36952.0
655.0,31379.0,31780.0,33339.0,36964.0
660.0,31905.0,30712.0,32887.0,37450.0
665.0,31619.0,28924.0,31175.0,37981.0
670.0,30548.0,27849.0,29404.0,38410.0
675.0,28863.0,26277.0,29745.0,37882.0
680.0,29282.0,26090.0,30104.0,38384.0
685.0,29734.0,24832.0,30048.0,38743.0
690.0,30261.0,25047.0,29941.0,39130.0
695.0,30821.0,25258.0,30379.0,39620.0
700.0,31077.0,25492.0,30903.0,40092.0
705.0,31099.0,25666.0,31307.0,40474.0
710.0,31117.0,25950.0,31689.0,40319.0
715.0,31436.0,26073.0,32143.0,40759.0
720.0,31217.0,26258.0,32545.0,41176.0
725.0,31580.0,26476.0,32969.0,41667.0
730.0,31980.0,26779.0,33442.0,41525.0
735.0,31760.0,27064.0,33363.0,41982.0
740.0,32198.0,27362.0,33773.0,42403.0
745.0,32617.0,27040.0,34214.0,42752.0
750.0,32948.0,26654.0,34519.0,43008.0
755.0,33091.0,26815.0,34695.0,43323.0
760.0,32927.0,27074.0,35112.0,43781.0
765.0,32917.0,26144.0,35555.0,44356.0
770.0,33152.0,23955.0,35976.0,44738.0
775.0,33548.0,20771.0,36367.0,45185.0
780.0,33992.0,20967.0,36685.0,45528.0
785.0,34325.0,20993.0,37025.0,45845.0
790.0,34703.0,21088.0,37558.0,46307.0
795.0,34959.0,21244.0,38016.0,45699.0
800.0,35060.0,21310.0,38464.0,43728.0
805.0,35261.0,21438.0,39030.0,40773.0
810.0,35635.0,21672.0,38178.0,41226.0
815.0,35981.0,21854.0,36339.0,41553.0
820.0,36320.0,22054.0,33655.0,41784.0
825.0,36606.0,22288.0,33829.0,42159.0
830.0,36792.0,21339.0,33994.0,42654.0
835.0,37027.0,19209.0,34315.0,43184.0
840.0,37353.0,15921.0,34742.0,43585.0
845.0,37625.0,15989.0,34977.0,43881.0
850.0,36299.0,16108.0,35318.0,44308.0
855.0,34639.0,16153.0,35502.0,44767.0
860.0,31829.0,16294.0,35785.0,45197.0
865.0,32016.0,16553.0,36161.0,45591.0
870.0,32231.0,16857.0,35876.0,44702.0
875.0,32358.0,17156.0,36331.0,42605.0
880.0,32589.0,17179.0,36650.0,39589.0
885.0,32879.0,17164.0,36814.0,39923.0
890.0,33093.0,17209.0,36943.0,40159.0
895.0,33254.0,17364.0,37083.0,40506.0
900.0,32057.0,17601.0,37299.0,40853.0
905.0,29406.0,17855.0,37683.0,41251.0
910.0,26090.0,17952.0,38091.0,41603.0
915.0,25563.0,18099.0,38533.0,41967.0
920.0,25691.0,18350.0,39022.0,42200.0
925.0,25769.0,18645.0,39564.0,42442.0
930.0,25789.0,18867.0,39860.0,42829.0
935.0,25965.0,19101.0,40091.0,42032.0
940.0,26254.0,19333.0,40333.0,38959.0
945.0,26470.0,19590.0,40500.0,38253.0
950.0,26653.0,19790.0,40815.0,38610.0
955.0,25323.0,19927.0,41189.0,38884.0
960.0,22691.0,20154.0,41378.0,39204.0
965.0,19434.0,20387.0,41633.0,39520.0
970.0,18889.0,20721.0,41919.0,39802.0
975.0,18888.0,21070.0,42306.0,40118.0
980.0,18920.0,21391.0,42617.0,40455.0
985.0,19126.0,21551.0,42853.0,40871.0
990.0,19400.0,21541.0,43138.0,41138.0
995.0,19605.0,21535.0,43492.0,41528.0
1000.0,19752.0,21645.0,43839.0,41922.0
1005.0,19633.0,21686.0,44230.0,42204.0
1010.0,19675.0,21782.0,44590.0,42607.0
1015.0,18421.0,21946.0,45064.0,42151.0
1020.0,15713.0,22241.0,45463.0,42474.0
1025.0,12511.0,22589.0,45761.0,42831.0
1030.0,11946.0,22770.0,46113.0,42992.0
1035.0,12138.0,22765.0,46408.0,41964.0
1040.0,12279.0,22560.0,45808.0,41772.0
1045.0,12468.0,22751.0,45804.0,42020.0
1050.0,12711.0,22948.0,46126.0,42264.0
1055.0,12946.0,23151.0,46442.0,42497.0
1060.0,12955.0,23356.0,46812.0,42793.0
1065.0,13131.0,23572.0,47161.0,43076.0
1070.0,13124.0,23848.0,47453.0,43439.0
1075.0,13150.0,24091.0,47806.0,43841.0
1080.0,13333.0,24319.0,48157.0,44250.0
1085.0,12116.0,24692.0,48562.0,44622.0
1090.0,9450.0,24745.0,49005.0,44978.0
1095.0,6117.0,24747.0,49369.0,45177.0
1100.0,5463.0,24708.0,49730.0,45215.0
1105.0,5478.0,24837.0,50192.0,44947.0
1110.0,5652.0,25036.0,50480.0,45296.0
1115.0,5893.0,25333.0,50517.0,45620.0
1120.0,6203.0,25389.0,50567.0,45943.0
1125.0,6377.0,25373.0,50109.0,46227.0
1130.0,6201.0,25403.0,49638.0,46589.0
1135.0,5929.0,25609.0,50058.0,46977.0
1140.0,5911.0,25753.0,50491.0,47248.0
1145.0,5858.0,24123.0,50894.0,47302.0
1150.0,6044.0,24292.0,51292.0,47298.0
1155.0,6088.0,24509.0,51723.0,47511.0
1160.0,6054.0,24747.0,52123.0,47816.0
1165.0,5863.0,24951.0,52540.0,48068.0
1170.0,6026.0,25237.0,52990.0,48458.0
1175.0,6198.0,25386.0,52541.0,48866.0
1180.0,6372.0,25574.0,53035.0,49246.0
1185.0,6405.0,25726.0,53528.0,49690.0
1190.0,6108.0,25736.0,53980.0,49952.0
1195.0,5966.0,25700.0,54470.0,50070.0
1200.0,5633.0,25873.0,54978.0,50188.0
1205.0,5685.0,25974.0,55530.0,50635.0
1210.0,5832.0,26289.0,55937.0,50903.0
1215.0,6060.0,26574.0,56183.0,51148.0
1220.0,6307.0,26894.0,56525.0,51376.0
1225.0,6290.0,27151.0,56978.0,51695.0
1230.0,6369.0,27213.0,57474.0,52118.0
1235.0,6545.0,27125.0,58007.0,52499.0
1240.0,6974.0,27107.0,58598.0,52982.0
1245.0,7158.0,27090.0,59026.0,53477.0
1250.0,7161.0,27060.0,59470.0,53782.0
1255.0,6865.0,27282.0,59501.0,54107.0
1260.0,6629.0,27554.0,59316.0,54479.0
1265.0,6620.0,27735.0,59137.0,54814.0
1270.0,6678.0,27841.0,59305.0,55202.0
1275.0,6771.0,28020.0,59640.0,55502.0
1280.0,6929.0,28296.0,59966.0,55392.0
1285.0,6940.0,28626.0,60008.0,55472.0
1290.0,6743.0,28806.0,59896.0,55736.0
1295.0,6501.0,28981.0,59650.0,55889.0
1300.0,6335.0,29107.0,60092.0,56069.0
1305.0,6473.0,29319.0,60344.0,56389.0
1310.0,6533.0,29584.0,60697.0,56744.0
1315.0,6492.0,29871.0,61133.0,57200.0
1320.0,6602.0,30128.0,61619.0,56594.0
1325.0,6594.0,30330.0,62089.0,57003.0
1330.0,6574.0,30598.0,62594.0,57330.0
1335.0,6595.0,30907.0,63174.0,57816.0
1340.0,6701.0,31231.0,63650.0,56988.0
1345.0,6705.0,31527.0,62705.0,57254.0
1350.0,6800.0,31857.0,62490.0,57634.0
1355.0,6648.0,32118.0,62415.0,58064.0
1360.0,6544.0,32499.0,62670.0,58370.0
1365.0,6320.0,32878.0,63122.0,58789.0
1370.0,6391.0,32965.0,63516.0,59284.0
1375.0,6514.0,32720.0,63928.0,59708.0
1380.0,6607.0,32447.0,64361.0,60253.0
1385.0,6694.0,32455.0,64893.0,60810.0
1390.0,6893.0,32665.0,65433.0,60993.0
1395.0,6889.0,32847.0,65943.0,60918.0
1400.0,4786.0,33086.0,66518.0,60795.0
1405.0,4751.0,33405.0,67061.0,61095.0
1410.0,4535.0,33803.0,67121.0,61348.0
1415.0,4494.0,34185.0,66908.0,61711.0
1420.0,4472.0,34199.0,66807.0,62082.0
1425.0,4554.0,33902.0,67049.0,62119.0
1430.0,4413.0,33673.0,66568.0,61808.0
1435.0,4384.0,33819.0,65810.0,61496.0
1440.0,4394.0,34012.0,66105.0,61768.0
1445.0,4365.0,34199.0,66603.0,62063.0
1450.0,4364.0,32229.0,67036.0,62354.0
1455.0,4469.0,32431.0,67489.0,62445.0
1460.0,4569.0,32660.0,67559.0,62247.0
1465.0,4669.0,32690.0,67361.0,62013.0
1470.0,4769.0,32518.0,67188.0,62307.0
1475.0,4776.0,32236.0,67517.0,62610.0
1480.0,4755.0,32448.0,66671.0,62907.0
1485.0,4793.0,32643.0,67067.0,63238.0
1490.0,4967.0,32794.0,67293.0,63547.0
1495.0,5161.0,32827.0,67521.0,63956.0
1500.0,5311.0,32658.0,67907.0,64455.0
1505.0,5397.0,32543.0,68212.0,64983.0
1510.0,5229.0,32664.0,68689.0,65175.0
1515.0,5080.0,32845.0,69275.0,65197.0
1520.0,4877.0,33040.0,69437.0,65134.0
1525.0,2811.0,33336.0,69140.0,65121.0
1530.0,765.0,33621.0,68656.0,65341.0
1535.0,777.0,33877.0,68867.0,65747.0
1540.0,635.0,34055.0,69216.0,66087.0
1545.0,502.0,34308.0,69592.0,66472.0
1550.0,488.0,34570.0,69932.0,66846.0
1555.0,516.0,34685.0,70247.0,66968.0
1560.0,543.0,34453.0,70621.0,66889.0
1565.0,580.0,34180.0,70932.0,66908.0
1570.0,599.0,34347.0,71064.0,67183.0
1575.0,621.0,34533.0,71023.0,67460.0
1580.0,617.0,34774.0,71033.0,67704.0
1585.0,533.0,35016.0,71189.0,68052.0
1590.0,452.0,35214.0,71442.0,68435.0
1595.0,327.0,35394.0,71687.0,68646.0
1600.0,270.0,35443.0,72065.0,68665.0
1605.0,338.0,35365.0,72490.0,68424.0
1610.0,351.0,35293.0,72690.0,68338.0
1615.0,284.0,32942.0,72594.0,68589.0
1620.0,228.0,27953.0,72597.0,68926.0
1625.0,142.0,21859.0,70591.0,67664.0
1630.0,142.0,20614.0,66463.0,67898.0
1635.0,203.0,20651.0,64301.0,68125.0
1640.0,253.0,20742.0,64625.0,68334.0
1645.0,255.0,18316.0,63459.0,67137.0
1650.0,295.0,13491.0,63713.0,67475.0
1655.0,292.0,6346.0,63970.0,67615.0
1660.0,372.0,6457.0,64270.0,67683.0
1665.0,462.0,6525.0,64471.0,67848.0
1670.0,467.0,6559.0,64542.0,68072.0
1675.0,529.0,6531.0,64581.0,68280.0
1680.0,603.0,6580.0,64763.0,68483.0
1685.0,672.0,6674.0,64988.0,68725.0
1690.0,783.0,6800.0,65256.0,65912.0
1695.0,930.0,6706.0,65505.0,60242.0
1700.0,1042.0,6634.0,65787.0,54599.0
1705.0,1163.0,6556.0,65947.0,53270.0
1710.0,1238.0,6593.0,66116.0,53464.0
1715.0,1268.0,6537.0,66416.0,53650.0
1720.0,1386.0,6485.0,63624.0,53638.0
1725.0,1348.0,6519.0,56435.0,53719.0
1730.0,1043.0,6610.0,49375.0,53884.0
1735.0,865.0,6815.0,49463.0,54059.0
1740.0,929.0,7026.0,49518.0,54336.0
1745.0,1019.0,7101.0,49691.0,54573.0
1750.0,1236.0,7052.0,49820.0,54708.0
1755.0,1409.0,7108.0,50042.0,54897.0
1760.0,1581.0,7117.0,50220.0,55127.0
1765.0,1802.0,7195.0,50422.0,55273.0
1770.0,1986.0,7316.0,50806.0,55566.0
1775.0,2259.0,7351.0,51144.0,55967.0
1780.0,2530.0,7545.0,51407.0,56162.0
1785.0,2814.0,5236.0,51695.0,56406.0
1790.0,3054.0,1643.0,52035.0,56697.0
1795.0,3250.0,1688.0,49271.0,57048.0
1800.0,3544.0,1820.0,43534.0,57455.0
1805.0,3859.0,1796.0,34613.0,57854.0
1810.0,4226.0,1849.0,34503.0,58158.0
1815.0,4602.0,1837.0,34502.0,58309.0
1820.0,4951.0,1724.0,34562.0,58508.0
1825.0,5438.0,1700.0,34755.0,58752.0
1830.0,5837.0,1899.0,35156.0,58954.0
1835.0,6217.0,2176.0,35555.0,56056.0
1840.0,6739.0,2272.0,35719.0,49996.0
1845.0,7208.0,2574.0,35891.0,42437.0
1850.0,7325.0,2817.0,36061.0,40970.0
1855.0,7219.0,3087.0,36222.0,40914.0
1860.0,6846.0,3409.0,36506.0,41010.0
1865.0,7213.0,3604.0,36966.0,41200.0
1870.0,7647.0,3713.0,37372.0,41359.0
1875.0,8094.0,3964.0,37535.0,41428.0
1880.0,8556.0,4243.0,37711.0,41574.0
1885.0,9040.0,4840.0,37885.0,41803.0
1890.0,9536.0,5477.0,38192.0,41880.0
1895.0,10148.0,5914.0,38487.0,41923.0
1900.0,10755.0,5849.0,38840.0,42058.0
1905.0,11343.0,5949.0,39305.0,42215.0
1910.0,11987.0,5703.0,39848.0,42249.0
1915.0,12690.0,5780.0,40188.0,42409.0
1920.0,13384.0,5967.0,40669.0,42652.0
1925.0,14106.0,6032.0,41171.0,42809.0
1930.0,14846.0,6056.0,41629.0,42974.0
1935.0,15581.0,5765.0,42081.0,43060.0
1940.0,15953.0,5580.0,42688.0,43162.0
1945.0,15968.0,5535.0,43103.0,43162.0
1950.0,15666.0,5349.0,43224.0,43176.0
1955.0,16344.0,5473.0,43627.0,43241.0
1960.0,17014.0,5531.0,43866.0,43388.0
1965.0,17662.0,5123.0,44070.0,43457.0
1970.0,18419.0,4203.0,44350.0,43605.0
1975.0,19174.0,4016.0,44606.0,43734.0
1980.0,19516.0,4244.0,44950.0,43809.0
1985.0,19482.0,4574.0,45157.0,43942.0
1990.0,19504.0,4813.0,45634.0,44087.0
1995.0,20181.0,4938.0,45920.0,44224.0
2000.0,20628.0,5080.0,46191.0,44377.0
2005.0,21315.0,5320.0,46342.0,44562.0
2010.0,22003.0,5599.0,46029.0,44743.0
2015.0,22699.0,6009.0,46000.0,44933.0
2020.0,23137.0,6537.0,46184.0,45141.0
2025.0,23892.0,6971.0,46631.0,45281.0
2030.0,24357.0,7283.0,47374.0,45414.0
2035.0,24973.0,7702.0,47595.0,45295.0
2040.0,25416.0,8047.0,47563.0,45424.0
2045.0,26104.0,8563.0,48006.0,45751.0
2050.0,26632.0,8981.0,48649.0,46146.0
2055.0,27261.0,9583.0,49029.0,46203.0
2060.0,27862.0,10244.0,49014.0,46142.0
2065.0,28481.0,10383.0,49241.0,46141.0
2070.0,29250.0,10491.0,49279.0,46230.0
2075.0,30001.0,10750.0,49430.0,46487.0
2080.0,30841.0,10758.0,49173.0,46781.0
2085.0,31730.0,11420.0,48356.0,47089.0
2090.0,32125.0,12172.0,47695.0,47369.0
2095.0,32064.0,13002.0,47514.0,47841.0
2100.0,31667.0,13062.0,47737.0,48015.0
2105.0,32275.0,13316.0,47973.0,48024.0
2110.0,32947.0,13443.0,45083.0,48037.0
2115.0,33727.0,14174.0,45607.0,48271.0
2120.0,34493.0,14981.0,45898.0,48455.0
2125.0,35298.0,15796.0,46030.0,48427.0
2130.0,36137.0,16377.0,46269.0,48242.0
2135.0,36872.0,17072.0,45795.0,48114.0
2140.0,37168.0,17876.0,45825.0,48109.0
2145.0,37062.0,18751.0,45553.0,48243.0
2150.0,36800.0,19708.0,45678.0,46436.0
2155.0,37369.0,20143.0,44944.0,44531.0
2160.0,38099.0,20038.0,44396.0,44561.0
2165.0,38757.0,19719.0,43832.0,44779.0
2170.0,39517.0,20401.0,43888.0,44930.0
2175.0,40189.0,21199.0,44040.0,45250.0
2180.0,40258.0,22075.0,44538.0,45594.0
2185.0,40573.0,22512.0,45167.0,45602.0
2190.0,40820.0,22394.0,45772.0,45608.0
2195.0,41262.0,21948.0,45108.0,45716.0
2200.0,41136.0,22661.0,44227.0,45902.0
2205.0,40000.0,23494.0,43836.0,46088.0
2210.0,38186.0,24233.0,43605.0,46340.0
2215.0,38619.0,24887.0,43722.0,46575.0
2220.0,38945.0,25543.0,43936.0,46845.0
2225.0,39536.0,26272.0,44187.0,47172.0
2230.0,40127.0,26683.0,44640.0,47469.0
2235.0,40629.0,26474.0,44981.0,47520.0
2240.0,41265.0,26492.0,45066.0,47464.0
2245.0,41820.0,27203.0,45273.0,47208.0
2250.0,42476.0,27673.0,45585.0,47073.0
2255.0,42235.0,28403.0,45700.0,47105.0
2260.0,41165.0,28821.0,45255.0,47255.0
2265.0,39377.0,28608.0,44849.0,47306.0
2270.0,39869.0,28583.0,44360.0,47380.0
2275.0,40432.0,28664.0,44282.0,47534.0
2280.0,40944.0,29139.0,44354.0,47811.0
2285.0,41413.0,29769.0,44303.0,47936.0
2290.0,41923.0,30443.0,44237.0,48144.0
2295.0,42489.0,31202.0,43939.0,48204.0
2300.0,42241.0,32034.0,43635.0,48072.0
2305.0,41116.0,32716.0,43434.0,48020.0
2310.0,38780.0,33354.0,43273.0,48134.0
2315.0,39294.0,34066.0,43394.0,48252.0
2320.0,39828.0,34986.0,43471.0,48429.0
2325.0,39765.0,35849.0,43257.0,48594.0
2330.0,40279.0,36391.0,43356.0,48816.0
2335.0,40665.0,36591.0,43475.0,48993.0
2340.0,40907.0,36543.0,43655.0,49164.0
2345.0,41371.0,37324.0,43787.0,49398.0
2350.0,41455.0,38151.0,43736.0,49630.0
2355.0,42049.0,38967.0,43593.0,49649.0
2360.0,42145.0,39833.0,43703.0,49573.0
2365.0,42787.0,40750.0,43765.0,49454.0
2370.0,43193.0,41702.0,43832.0,49538.0
2375.0,43719.0,42670.0,44043.0,49672.0
2380.0,44241.0,43278.0,44297.0,49799.0
2385.0,44749.0,43632.0,44462.0,50050.0
2390.0,44670.0,43979.0,44659.0,50173.0
2395.0,44478.0,44734.0,44890.0,50164.0
2400.0,44549.0,45590.0,45070.0,50255.0
2405.0,43989.0,46493.0,45212.0,50347.0
2410.0,43550.0,47420.0,45478.0,50557.0
2415.0,44238.0,48160.0,43615.0,50786.0
2420.0,44918.0,48710.0,41739.0,50955.0
2425.0,45329.0,49085.0,41852.0,51139.0
2430.0,45312.0,49008.0,42062.0,51214.0
2435.0,45712.0,48996.0,42284.0,51266.0
2440.0,46247.0,49737.0,42409.0,51260.0
2445.0,46895.0,50563.0,42532.0,51366.0
2450.0,47572.0,51419.0,42710.0,51414.0
2455.0,48142.0,51997.0,42985.0,51566.0
2460.0,48575.0,52411.0,43186.0,47510.0
2465.0,49124.0,53051.0,43520.0,47631.0
2470.0,49680.0,52474.0,43397.0,47728.0
2475.0,50279.0,50951.0,43060.0,47830.0
2480.0,50834.0,48579.0,42712.0,48021.0
2485.0,51280.0,48886.0,42726.0,43949.0
2490.0,51731.0,49409.0,42852.0,35703.0
2495.0,52095.0,49923.0,42990.0,23375.0
2500.0,52515.0,50476.0,43121.0,23489.0
2505.0,52961.0,50346.0,43286.0,23626.0
2510.0,53474.0,50346.0,43594.0,23846.0
2515.0,53745.0,50752.0,43870.0,24047.0
2520.0,54119.0,51537.0,44167.0,24273.0
2525.0,54668.0,52376.0,44188.0,24262.0
2530.0,55329.0,52776.0,43939.0,24078.0
2535.0,55909.0,53192.0,43539.0,23791.0
2540.0,56394.0,53588.0,43585.0,23878.0
2545.0,56941.0,54009.0,43738.0,23979.0
2550.0,57162.0,54792.0,43880.0,24148.0
2555.0,57503.0,54569.0,44098.0,24290.0
2560.0,58012.0,53308.0,44371.0,24330.0
2565.0,58585.0,51004.0,44604.0,24169.0
2570.0,59032.0,51150.0,44955.0,23936.0
2575.0,59741.0,51923.0,45281.0,23862.0
2580.0,60359.0,52393.0,45356.0,23870.0
2585.0,60793.0,52763.0,45153.0,23974.0
2590.0,60825.0,52858.0,44992.0,24105.0
2595.0,61365.0,52724.0,44893.0,24255.0
2600.0,61785.0,52975.0,44951.0,24352.0
2605.0,62283.0,52740.0,45018.0,24297.0
2610.0,62851.0,53080.0,45109.0,24263.0
2615.0,61014.0,53680.0,45272.0,24452.0
2620.0,61304.0,54266.0,45378.0,24437.0
2625.0,61438.0,54926.0,45148.0,24295.0
2630.0,60977.0,54345.0,44907.0,24193.0
2635.0,61509.0,52293.0,44977.0,19857.0
2640.0,61941.0,49763.0,45022.0,11184.0
2645.0,62481.0,49660.0,45149.0,541.0
2650.0,62193.0,49602.0,45349.0,668.0
2655.0,62625.0,49955.0,45572.0,598.0
2660.0,62837.0,50028.0,45722.0,495.0
2665.0,63383.0,50628.0,45779.0,388.0
2670.0,63948.0,50805.0,45696.0,438.0
2675.0,64368.0,51382.0,45585.0,572.0
2680.0,64631.0,51987.0,45541.0,518.0
2685.0,64862.0,52641.0,45684.0,601.0
2690.0,65338.0,53146.0,45852.0,814.0
2695.0,65485.0,53682.0,46109.0,957.0
2700.0,65208.0,53990.0,46411.0,1021.0
2705.0,64778.0,54454.0,46604.0,1118.0
2710.0,64938.0,54850.0,46898.0,1117.0
2715.0,65005.0,55300.0,46977.0,1249.0
2720.0,65259.0,55716.0,42210.0,1439.0
2725.0,65654.0,56274.0,42083.0,1580.0
2730.0,66167.0,56961.0,42141.0,1802.0
2735.0,66737.0,57472.0,42088.0,2042.0
2740.0,67177.0,57832.0,42141.0,2058.0
2745.0,67471.0,58070.0,42279.0,1987.0
2750.0,67941.0,58452.0,42291.0,2103.0
2755.0,68403.0,59006.0,42161.0,2258.0
2760.0,68858.0,59737.0,42018.0,2509.0
2765.0,69438.0,60501.0,37329.0,2810.0
2770.0,70019.0,61217.0,28030.0,3188.0
2775.0,70583.0,60837.0,16562.0,3315.0
2780.0,71165.0,61116.0,16601.0,3459.0
2785.0,71732.0,61535.0,16676.0,3276.0
2790.0,72286.0,61915.0,16727.0,3244.0
2795.0,72865.0,62521.0,14521.0,3314.0
2800.0,73465.0,63162.0,9930.0,3482.0
2805.0,73807.0,63613.0,5311.0,3543.0
2810.0,73802.0,64290.0,2956.0,3689.0
2815.0,73915.0,64889.0,2761.0,3818.0
2820.0,72250.0,64882.0,2826.0,3956.0
2825.0,68497.0,65503.0,2880.0,4216.0
2830.0,63908.0,66358.0,2888.0,4682.0
2835.0,63321.0,67074.0,2981.0,4835.0
2840.0,63592.0,67537.0,3028.0,4706.0
2845.0,63813.0,68080.0,3032.0,4685.0
2850.0,64200.0,68639.0,3103.0,4910.0
2855.0,64712.0,69263.0,935.0,5372.0
2860.0,65191.0,70094.0,1039.0,5963.0
2865.0,65793.0,70802.0,1016.0,6512.0
2870.0,66316.0,71443.0,1005.0,6586.0
2875.0,66970.0,71021.0,1019.0,6781.0
2880.0,67270.0,71048.0,1131.0,6996.0
2885.0,67047.0,71123.0,1126.0,7267.0
2890.0,66980.0,71519.0,1204.0,7608.0
2895.0,67549.0,71908.0,1241.0,8020.0
2900.0,68175.0,72199.0,1272.0,8400.0
2905.0,68835.0,72693.0,1280.0,8760.0
2910.0,69480.0,72556.0,1228.0,9067.0
2915.0,69917.0,73213.0,1177.0,8958.0
2920.0,68577.0,73943.0,1021.0,9045.0
2925.0,69133.0,74519.0,1098.0,9588.0
2930.0,69789.0,75020.0,1282.0,10200.0
2935.0,70523.0,75539.0,1620.0,10268.0
2940.0,71395.0,76265.0,1781.0,10132.0
2945.0,72339.0,75150.0,1875.0,10265.0
2950.0,72792.0,75129.0,1980.0,10504.0
2955.0,72821.0,75760.0,2253.0,10785.0
2960.0,72345.0,76350.0,2449.0,11192.0
2965.0,72800.0,76665.0,2405.0,11678.0
2970.0,73366.0,77082.0,2612.0,12039.0
2975.0,73822.0,77626.0,3041.0,12433.0
2980.0,74294.0,77522.0,3480.0,12841.0
2985.0,74665.0,78113.0,3995.0,13444.0
2990.0,74850.0,78139.0,4340.0,14143.0
2995.0,74802.0,77912.0,4925.0,14608.0
3000.0,74316.0,77660.0,5015.0,15217.0
3005.0,73601.0,78052.0,5350.0,15863.0
3010.0,73570.0,78713.0,5600.0,16741.0
3015.0,73901.0,79224.0,6009.0,17665.0
3020.0,74133.0,79808.0,6310.0,18351.0
3025.0,74599.0,80367.0,6234.0,18848.0
3030.0,75081.0,80970.0,6362.0,19547.0
3035.0,75427.0,81511.0,6783.0,19944.0
3040.0,75573.0,82152.0,7135.0,20167.0
3045.0,75730.0,82813.0,7594.0,20019.0
3050.0,76115.0,83458.0,8072.0,19848.0
3055.0,76294.0,83764.0,8434.0,20527.0
3060.0,76039.0,83701.0,8957.0,21394.0
3065.0,75887.0,83562.0,9283.0,22209.0
3070.0,76190.0,84109.0,9454.0,22903.0
3075.0,76612.0,84643.0,9555.0,23268.0
3080.0,77091.0,84099.0,9870.0,22818.0
3085.0,77638.0,84614.0,10545.0,22456.0
3090.0,78201.0,85133.0,10623.0,22683.0
3095.0,78773.0,85740.0,10942.0,23202.0
3100.0,79313.0,86394.0,11270.0,23974.0
3105.0,79860.0,87079.0,11667.0,24530.0
3110.0,80016.0,87579.0,12108.0,25117.0
3115.0,79826.0,87371.0,12915.0,25378.0
3120.0,79536.0,87672.0,13206.0,26112.0
3125.0,79756.0,87446.0,13374.0,27033.0
3130.0,80201.0,87250.0,13417.0,27379.0
3135.0,78098.0,87875.0,14085.0,28188.0
3140.0,78608.0,88515.0,14593.0,28976.0
3145.0,79142.0,89137.0,15342.0,29759.0
3150.0,79727.0,89399.0,16048.0,30141.0
3155.0,79680.0,89363.0,16460.0,30195.0
3160.0,79446.0,88986.0,16931.0,29741.0
3165.0,79050.0,89407.0,17448.0,30422.0
3170.0,79208.0,89911.0,18043.0,31225.0
3175.0,79545.0,90487.0,18140.0,31729.0
3180.0,79935.0,90840.0,18446.0,31887.0
3185.0,80263.0,91462.0,19155.0,31733.0
3190.0,80731.0,92033.0,20021.0,31527.0
3195.0,80826.0,92646.0,20990.0,32247.0
3200.0,80845.0,93322.0,21986.0,32972.0
3205.0,80824.0,94050.0,23007.0,33627.0
3210.0,81267.0,94728.0,24180.0,34137.0
3215.0,81629.0,95124.0,24924.0,34825.0
3220.0,82151.0,95224.0,25448.0,35605.0
3225.0,79831.0,95035.0,25637.0,36418.0
3230.0,80164.0,95614.0,25841.0,37282.0
3235.0,80699.0,96222.0,26731.0,38114.0
3240.0,81221.0,96861.0,27561.0,38965.0
3245.0,81726.0,97578.0,28260.0,39783.0
3250.0,82368.0,97040.0,29316.0,40225.0
3255.0,80092.0,96666.0,30164.0,40450.0
3260.0,74879.0,97424.0,31096.0,40741.0
3265.0,68524.0,98035.0,32218.0,41203.0
3270.0,67643.0,98493.0,33531.0,41933.0
3275.0,68027.0,98751.0,34827.0,42677.0
3280.0,68447.0,98703.0,35843.0,43478.0
3285.0,68855.0,98462.0,37216.0,44322.0
3290.0,69093.0,98853.0,38646.0,45146.0
3295.0,69361.0,99380.0,39620.0,46005.0
3300.0,69717.0,99859.0,39840.0,46848.0
3305.0,70158.0,100466.0,40260.0,47547.0
3310.0,70503.0,100775.0,41402.0,48010.0
3315.0,70731.0,100878.0,42624.0,48097.0
3320.0,71043.0,100835.0,43928.0,48096.0
3325.0,71154.0,101199.0,44632.0,48704.0
3330.0,68700.0,101602.0,45109.0,49455.0
3335.0,63649.0,102041.0,45767.0,50155.0
3340.0,56294.0,102596.0,46590.0,50838.0
3345.0,56679.0,102923.0,47841.0,51268.0
3350.0,56817.0,102981.0,49141.0,51331.0
3355.0,56860.0,103133.0,50461.0,51524.0
3360.0,56853.0,101155.0,51614.0,51905.0
3365.0,57067.0,96657.0,52959.0,52654.0
3370.0,57018.0,89990.0,54536.0,53327.0
3375.0,54439.0,90243.0,55788.0,54018.0
3380.0,49057.0,90558.0,56480.0,54680.0
3385.0,41169.0,87067.0,57466.0,54784.0
3390.0,41726.0,87389.0,58918.0,55483.0
3395.0,42301.0,87521.0,60513.0,56153.0
3400.0,42679.0,87657.0,62093.0,56880.0
3405.0,42776.0,87848.0,63739.0,57401.0
3410.0,42571.0,88167.0,65213.0,57737.0
3415.0,40026.0,87310.0,66533.0,57944.0
3420.0,37005.0,85330.0,67803.0,58610.0
3425.0,37483.0,85642.0,69485.0,58212.0
3430.0,37901.0,85955.0,71299.0,58792.0
3435.0,38251.0,86353.0,72957.0,58166.0
3440.0,38748.0,84359.0,74375.0,58689.0
3445.0,39171.0,81252.0,75837.0,59223.0
3450.0,39934.0,78581.0,77616.0,59624.0
3455.0,40963.0,78924.0,79466.0,59967.0
3460.0,41816.0,76416.0,81107.0,60244.0
3465.0,42505.0,76532.0,82497.0,60737.0
3470.0,42699.0,76860.0,83921.0,61169.0
3475.0,42278.0,77295.0,85426.0,61707.0
3480.0,42656.0,76483.0,86175.0,61576.0
3485.0,42941.0,74966.0,85930.0,60924.0
3490.0,42961.0,73678.0,85343.0,58466.0
3495.0,43290.0,72935.0,86821.0,56025.0
3500.0,43264.0,73249.0,88690.0,55793.0
3505.0,43327.0,73683.0,90650.0,56276.0
3510.0,43250.0,74127.0,92612.0,56774.0
3515.0,43347.0,74646.0,93904.0,57285.0
3520.0,43128.0,75120.0,94882.0,57793.0
3525.0,43237.0,75378.0,88011.0,58397.0
3530.0,43818.0,75516.0,88544.0,58837.0
3535.0,44160.0,75923.0,89608.0,59242.0
3540.0,44296.0,76306.0,89993.0,59712.0
3545.0,43924.0,76866.0,91528.0,60254.0
3550.0,43657.0,77340.0,91697.0,60889.0
3555.0,43935.0,76108.0,92449.0,61449.0
3560.0,44056.0,76328.0,93311.0,62035.0
3565.0,44178.0,76563.0,95036.0,62552.0
3570.0,44120.0,76885.0,96570.0,61821.0
3575.0,43793.0,77210.0,98249.0,59828.0
3580.0,43164.0,77478.0,98184.0,56757.0
3585.0,43189.0,77918.0,96451.0,57148.0
3590.0,43605.0,78369.0,95395.0,57513.0
3595.0,44041.0,78622.0,96567.0,57929.0
3600.0,44289.0,79051.0,97757.0,58413.0
3605.0,44229.0,79556.0,99272.0,58819.0
3610.0,44554.0,80059.0,99858.0,58604.0
3615.0,44755.0,80482.0,98629.0,59113.0
3620.0,45131.0,81029.0,96663.0,59513.0
3625.0,45532.0,81629.0,96218.0,59967.0
3630.0,46094.0,82047.0,96510.0,60471.0
3635.0,46126.0,82313.0,96064.0,61014.0
3640.0,46641.0,82418.0,96035.0,61611.0
3645.0,46939.0,82964.0,95855.0,62171.0
3650.0,46827.0,83425.0,95664.0,62614.0
3655.0,47523.0,84090.0,94794.0,63017.0
3660.0,47945.0,84707.0,94982.0,63500.0
3665.0,47705.0,85507.0,95296.0,64108.0
3670.0,47720.0,85986.0,95344.0,64768.0
3675.0,47975.0,86416.0,96311.0,65240.0
3680.0,47831.0,86694.0,96316.0,65569.0
3685.0,48079.0,87272.0,96636.0,66162.0
3690.0,45395.0,86185.0,96264.0,65767.0
3695.0,45257.0,86771.0,96407.0,66291.0
3700.0,44613.0,87474.0,96818.0,66839.0
3705.0,43647.0,88259.0,97773.0,67344.0
3710.0,43654.0,88791.0,98797.0,67874.0
3715.0,43585.0,89386.0,98865.0,68410.0
3720.0,44377.0,89639.0,99372.0,68762.0
3725.0,44100.0,89981.0,98880.0,69241.0
3730.0,43568.0,89066.0,96680.0,69859.0
3735.0,42545.0,89662.0,95212.0,70534.0
3740.0,42287.0,90144.0,95409.0,70194.0
3745.0,42146.0,90371.0,95545.0,70680.0
3750.0,42047.0,90535.0,95826.0,71101.0
3755.0,41982.0,90763.0,95905.0,71465.0
3760.0,42224.0,91300.0,96031.0,71891.0
3765.0,41737.0,91805.0,94725.0,72228.0
3770.0,41398.0,92460.0,94524.0,72721.0
3775.0,41397.0,92234.0,93916.0,73216.0
3780.0,41586.0,91586.0,92768.0,73517.0
3785.0,41406.0,91115.0,92087.0,73112.0
3790.0,41222.0,90702.0,92207.0,71900.0
3795.0,40825.0,90260.0,91814.0,69079.0
3800.0,40786.0,90312.0,91498.0,64787.0
3805.0,40266.0,90591.0,89252.0,65013.0
3810.0,40258.0,90410.0,86611.0,65254.0
3815.0,39971.0,90425.0,86297.0,65447.0
3820.0,39498.0,90028.0,86585.0,65721.0
3825.0,39338.0,89528.0,85525.0,66159.0
3830.0,39503.0,89811.0,83518.0,66450.0
3835.0,38858.0,89886.0,79742.0,66876.0
3840.0,38185.0,89975.0,77222.0,67158.0
3845.0,38081.0,89992.0,76580.0,67541.0
3850.0,33880.0,89828.0,77031.0,67989.0
3855.0,25981.0,89898.0,76222.0,68454.0
3860.0,15248.0,87852.0,76176.0,67227.0
3865.0,15028.0,87404.0,74522.0,64488.0
3870.0,15069.0,87374.0,72048.0,60354.0
3875.0,14829.0,87551.0,71328.0,60597.0
3880.0,11291.0,87787.0,71896.0,60951.0
3885.0,4340.0,88012.0,71670.0,61333.0
3890.0,1828.0,88241.0,70898.0,61579.0
3895.0,1658.0,88488.0,70261.0,61911.0
3900.0,1647.0,88798.0,69682.0,62295.0
3905.0,1226.0,89138.0,69355.0,60560.0
3910.0,948.0,89420.0,66436.0,56762.0
3915.0,511.0,89718.0,63229.0,50882.0
3920.0,113.0,89969.0,60747.0,50985.0
3925.0,113.0,90280.0,60701.0,51186.0
3930.0,103.0,90613.0,61098.0,51386.0
3935.0,117.0,90911.0,61060.0,51554.0
3940.0,94.0,91193.0,61024.0,50896.0
3945.0,28.0,91469.0,60252.0,49466.0
3950.0,38.0,91759.0,60571.0,49698.0
3955.0,9.0,92056.0,60445.0,49962.0
3960.0,21.0,92367.0,58204.0,50258.0
3965.0,44.0,92684.0,55812.0,48934.0
3970.0,97.0,89138.0,53774.0,49231.0
3975.0,48.0,81742.0,53878.0,49536.0
3980.0,31.0,70612.0,54044.0,49841.0
3985.0,22.0,70716.0,53917.0,50146.0
3990.0,30.0,70766.0,53854.0,50451.0
3995.0,52.0,70896.0,52744.0,50756.0
4000.0,16.0,71011.0,51279.0,49832.0
4005.0,5.0,67354.0,49408.0,48437.0
4010.0,3.0,59932.0,48710.0,46331.0
4015.0,3.0,50813.0,48888.0,46598.0
4020.0,10.0,49060.0,49346.0,46866.0
4025.0,30.0,49144.0,49603.0,47134.0
4030.0,12.0,49215.0,49695.0,45173.0
4035.0,9.0,49280.0,47088.0,40982.0
4040.0,14.0,49406.0,45499.0,35761.0
4045.0,19.0,49582.0,44151.0,34847.0
4050.0,24.0,49735.0,44285.0,34929.0
4055.0,29.0,49917.0,44452.0,35024.0
4060.0,34.0,50097.0,44407.0,35137.0
4065.0,39.0,46564.0,44533.0,35271.0
4070.0,44.0,37531.0,44367.0,35443.0
4075.0,49.0,30329.0,44740.0,35133.0
4080.0,54.0,30356.0,45125.0,35363.0
4085.0,59.0,30114.0,43622.0,35540.0
4090.0,64.0,30165.0,44014.0,35728.0
4095.0,69.0,30253.0,44401.0,35938.0
4100.0,74.0,30372.0,44759.0,36151.0
4105.0,79.0,30514.0,45110.0,36357.0
4110.0,84.0,30651.0,45435.0,36567.0
4115.0,89.0,30738.0,45785.0,36776.0
4120.0,94.0,30847.0,43261.0,36986.0
4125.0,99.0,27270.0,41537.0,37196.0
4130.0,104.0,18403.0,40185.0,37406.0
4135.0,109.0,10666.0,39021.0,37616.0
4140.0,114.0,10669.0,38236.0,37826.0
4145.0,119.0,10691.0,38228.0,38036.0
4150.0,124.0,10738.0,38454.0,38246.0
4155.0,129.0,7885.0,38719.0,38456.0
4160.0,134.0,3216.0,38982.0,38666.0
4165.0,139.0,966.0,39324.0,38876.0
4170.0,144.0,959.0,39694.0,36727.0
4175.0,149.0,979.0,40025.0,32235.0
4180.0,154.0,962.0,40355.0,26595.0
4185.0,159.0,968.0,40700.0,25535.0
4190.0,164.0,978.0,41050.0,25587.0
4195.0,169.0,988.0,41400.0,25654.0
4200.0,174.0,998.0,40831.0,25753.0
4205.0,179.0,1008.0,39481.0,25895.0
4210.0,184.0,1018.0,38736.0,26018.0
4215.0,189.0,1028.0,38997.0,23861.0
4220.0,194.0,1038.0,38338.0,19351.0
4225.0,199.0,1048.0,38595.0,12623.0
4230.0,204.0,1058.0,38867.0,12645.0
4235.0,209.0,1068.0,38156.0,12672.0
4240.0,214.0,1078.0,38410.0,12728.0
4245.0,219.0,1088.0,38669.0,12803.0
4250.0,224.0,1098.0,38931.0,12892.0
4255.0,229.0,1108.0,38787.0,12989.0
4260.0,234.0,1118.0,38249.0,10855.0
4265.0,239.0,1128.0,37720.0,6457.0
4270.0,244.0,1138.0,36607.0,2612.0
4275.0,249.0,1148.0,36846.0,1920.0
4280.0,254.0,1158.0,37089.0,1936.0
4285.0,259.0,1168.0,37324.0,1967.0
4290.0,264.0,1178.0,37563.0,1590.0
4295.0,269.0,1188.0,37815.0,1084.0
4300.0,274.0,483.0,38079.0,543.0
4305.0,279.0,2.0,36004.0,282.0
4310.0,284.0,0.0,32712.0,284.0
4315.0,289.0,0.0,29360.0,284.0
4320.0,294.0,0.0,29508.0,293.0
4325.0,299.0,8.0,29636.0,315.0
4330.0,0.0,2.0,29765.0,304.0
4335.0,0.0,2.0,29925.0,6.0
4340.0,0.0,0.0,30102.0,6.0
4345.0,0.0,0.0,30318.0,0.0
4350.0,0.0,0.0,28967.0,0.0
4355.0,0.0,0.0,28313.0,0.0
4360.0,0.0,0.0,28180.0,0.0
4365.0,0.0,0.0,27193.0,0.0
4370.0,0.0,0.0,27320.0,0.0
4375.0,0.0,0.0,27435.0,0.0
4380.0,0.0,0.0,27564.0,0.0
4385.0,0.0,0.0,27707.0,0.0
4390.0,0.0,0.0,27870.0,0.0
4395.0,0.0,0.0,28052.0,0.0
4400.0,0.0,0.0,28242.0,0.0
4405.0,0.0,0.0,25998.0,0.0
4410.0,0.0,0.0,21380.0,0.0
4415.0,0.0,0.0,14538.0,0.0
4420.0,0.0,0.0,14588.0,0.0
4425.0,0.0,0.0,14630.0,0.0
4430.0,0.0,0.0,14688.0,0.0
4435.0,0.0,0.0,12504.0,0.0
4440.0,0.0,0.0,8684.0,0.0
4445.0,0.0,0.0,5565.0,0.0
4450.0,0.0,0.0,5575.0,0.0
4455.0,0.0,0.0,5602.0,0.0
4460.0,0.0,0.0,5663.0,0.0
4465.0,0.0,0.0,5761.0,0.0
4470.0,0.0,0.0,5827.0,0.0
4475.0,0.0,0.0,5883.0,0.0
4480.0,0.0,0.0,5004.0,0.0
4485.0,0.0,0.0,3244.0,0.0
4490.0,0.0,0.0,1265.0,0.0
4495.0,0.0,0.0,1286.0,0.0
4500.0,0.0,0.0,1279.0,0.0
4505.0,0.0,0.0,1294.0,0.0
4510.0,0.0,0.0,974.0,0.0
4515.0,0.0,0.0,320.0,0.0
4520.0,0.0,0.0,23.0,0.0
4525.0,0.0,0.0,41.0,0.0
4530.0,0.0,0.0,12.0,0.0
4535.0,0.0,0.0,1.0,0.0
4540.0,0.0,0.0,1.0,0.0
4545.0,0.0,0.0,0.0,0.0
4550.0,0.0,0.0,6.0,0.0
4555.0,0.0,0.0,21.0,0.0
4560.0,0.0,0.0,7.0,0.0
4565.0,0.0,0.0,0.0,0.0
4570.0,0.0,0.0,0.0,0.0
4575.0,0.0,0.0,0.0,0.0
4580.0,0.0,0.0,0.0,0.0
4585.0,0.0,0.0,0.0,0.0
4590.0,0.0,0.0,0.0,0.0
4595.0,0.0,0.0,0.0,0.0
4600.0,0.0,0.0,0.0,0.0
4605.0,0.0,0.0,0.0,0.0
4610.0,0.0,0.0,0.0,0.0
4615.0,0.0,0.0,0.0,0.0
4620.0,0.0,0.0,0.0,0.0
4625.0,0.0,0.0,0.0,0.0
4630.0,0.0,0.0,0.0,0.0
4635.0,0.0,0.0,0.0,0.0
4640.0,0.0,0.0,0.0,0.0
4645.0,0.0,0.0,0.0,0.0
4650.0,0.0,0.0,0.0,0.0
4655.0,0.0,0.0,0.0,0.0
4660.0,0.0,0.0,0.0,0.0
4665.0,0.0,0.0,0.0,0.0
4670.0,0.0,0.0,0.0,0.0
4675.0,0.0,0.0,0.0,0.0
4680.0,0.0,0.0,0.0,0.0
4685.0,0.0,0.0,0.0,0.0
4690.0,0.0,0.0,0.0,0.0
4695.0,0.0,0.0,0.0,0.0
4700.0,0.0,0.0,0.0,0.0
4705.0,0.0,0.0,0.0,0.0
4710.0,0.0,0.0,0.0,0.0
4715.0,0.0,0.0,0.0,0.0
4720.0,0.0,0.0,0.0,0.0
4725.0,0.0,0.0,0.0,0.0
4730.0,0.0,0.0,0.0,0.0
4735.0,0.0,0.0,0.0,0.0
4740.0,0.0,0.0,0.0,0.0
4745.0,0.0,0.0,0.0,0.0
4750.0,0.0,0.0,0.0,0.0
4755.0,0.0,0.0,0.0,0.0
4760.0,0.0,0.0,0.0,0.0
4765.0,0.0,0.0,0.0,0.0
4770.0,0.0,0.0,0.0,0.0
4775.0,0.0,0.0,0.0,0.0
4780.0,0.0,0.0,0.0,0.0
4785.0,0.0,0.0,0.0,0.0
4790.0,0.0,0.0,0.0,0.0
4795.0,0.0,0.0,0.0,0.0
4800.0,0.0,0.0,0.0,0.0
4805.0,0.0,0.0,0.0,0.0
4810.0,0.0,0.0,0.0,0.0
4815.0,0.0,0.0,0.0,0.0
4820.0,0.0,0.0,0.0,0.0
4825.0,0.0,0.0,0.0,0.0
4830.0,0.0,0.0,0.0,0.0
4835.0,0.0,0.0,0.0,0.0
4840.0,0.0,0.0,0.0,0.0
4845.0,0.0,0.0,0.0,0.0
4850.0,0.0,0.0,0.0,0.0
4855.0,0.0,0.0,0.0,0.0
4860.0,0.0,0.0,0.0,0.0
4865.0,0.0,0.0,0.0,0.0
4870.0,0.0,0.0,0.0,0.0
4875.0,0.0,0.0,0.0,0.0
4880.0,0.0,0.0,0.0,0.0
4885.0,0.0,0.0,0.0,0.0
4890.0,0.0,0.0,0.0,0.0
4895.0,0.0,0.0,0.0,0.0
4900.0,0.0,0.0,0.0,0.0
4905.0,0.0,0.0,0.0,0.0
4910.0,0.0,0.0,0.0,0.0
4915.0,0.0,0.0,0.0,0.0
4920.0,0.0,0.0,0.0,0.0
4925.0,0.0,0.0,0.0,0.0
4930.0,0.0,0.0,0.0,0.0
4935.0,0.0,0.0,0.0,0.0
4940.0,0.0,0.0,0.0,0.0
4945.0,0.0,0.0,0.0,0.0
4950.0,0.0,0.0,0.0,0.0
4955.0,0.0,0.0,0.0,0.0
4960.0,0.0,0.0,0.0,0.0
4965.0,0.0,0.0,0.0,0.0
4970.0,0.0,0.0,0.0,0.0
4975.0,0.0,0.0,0.0,0.0
4980.0,0.0,0.0,0.0,0.0
4985.0,0.0,0.0,0.0,0.0
4990.0,0.0,0.0,0.0,0.0
4995.0,0.0,0.0,0.0,0.0
5000.0,0.0,0.0,0.0,0.0
5005.0,0.0,0.0,0.0,0.0
5010.0,0.0,0.0,0.0,0.0
5015.0,0.0,0.0,0.0,0.0
5020.0,0.0,0.0,0.0,0.0
5025.0,0.0,0.0,0.0,0.0
5030.0,0.0,0.0,0.0,0.0
5035.0,0.0,0.0,0.0,0.0
5040.0,0.0,0.0,0.0,0.0
5045.0,0.0,0.0,0.0,0.0
5050.0,0.0,0.0,0.0,0.0
5055.0,0.0,0.0,0.0,0.0
5060.0,0.0,0.0,0.0,0.0
5065.0,0.0,0.0,0.0,0.0
5070.0,0.0,0.0,0.0,0.0
5075.0,0.0,0.0,0.0,0.0
5080.0,0.0,0.0,0.0,0.0
5085.0,0.0,0.0,0.0,0.0
5090.0,0.0,0.0,0.0,0.0
5095.0,0.0,0.0,0.0,0.0
5100.0,0.0,0.0,0.0,0.0
5105.0,0.0,0.0,0.0,0.0
5110.0,0.0,0.0,0.0,0.0
5115.0,0.0,0.0,0.0,0.0
5120.0,0.0,0.0,0.0,0.0
5125.0,0.0,0.0,0.0,0.0
5130.0,0.0,0.0,0.0,0.0
5135.0,0.0,0.0,0.0,0.0
5140.0,0.0,0.0,0.0,0.0
5145.0,0.0,0.0,0.0,0.0
5150.0,0.0,0.0,0.0,0.0
5155.0,0.0,0.0,0.0,0.0
5160.0,0.0,0.0,0.0,0.0
5165.0,0.0,0.0,0.0,0.0
5170.0,0.0,0.0,0.0,0.0
5175.0,0.0,0.0,0.0,0.0
5180.0,0.0,0.0,0.0,0.0
5185.0,0.0,0.0,0.0,0.0
5190.0,0.0,0.0,0.0,0.0
5195.0,0.0,0.0,0.0,0.0
5200.0,0.0,0.0,0.0,0.0
5205.0,0.0,0.0,0.0,0.0
5210.0,0.0,0.0,0.0,0.0
5215.0,0.0,0.0,0.0,0.0
5220.0,0.0,0.0,0.0,0.0
5225.0,0.0,0.0,0.0,0.0
5230.0,0.0,0.0,0.0,0.0
5235.0,0.0,0.0,0.0,0.0
5240.0,0.0,0.0,0.0,0.0
5245.0,0.0,0.0,0.0,0.0
5250.0,0.0,0.0,0.0,0.0
5255.0,0.0,0.0,0.0,0.0
5260.0,0.0,0.0,0.0,0.0
5265.0,0.0,0.0,0.0,0.0
5270.0,0.0,0.0,0.0,0.0
5275.0,0.0,0.0,0.0,0.0
5280.0,0.0,0.0,0.0,0.0
5285.0,0.0,0.0,0.0,0.0
5290.0,0.0,0.0,0.0,0.0
5295.0,0.0,0.0,0.0,0.0
5300.0,0.0,0.0,0.0,0.0
5305.0,0.0,0.0,0.0,0.0
5310.0,0.0,0.0,0.0,0.0
5315.0,0.0,0.0,0.0,0.0
5320.0,0.0,0.0,0.0,0.0
5325.0,0.0,0.0,0.0,0.0
5330.0,0.0,0.0,0.0,0.0
5335.0,0.0,0.0,0.0,0.0
5340.0,0.0,0.0,0.0,0.0
5345.0,0.0,0.0,0.0,0.0
5350.0,0.0,0.0,0.0,0.0
5355.0,0.0,0.0,0.0,0.0
5360.0,0.0,0.0,0.0,0.0
5365.0,0.0,0.0,0.0,0.0
5370.0,0.0,0.0,0.0,0.0
5375.0,0.0,0.0,0.0,0.0
5380.0,0.0,0.0,0.0,0.0
5385.0,0.0,0.0,0.0,0.0
5390.0,0.0,0.0,0.0,0.0
5395.0,0.0,0.0,0.0,0.0
5400.0,0.0,0.0,0.0,0.0
5405.0,0.0,0.0,0.0,0.0
5410.0,0.0,0.0,0.0,0.0
5415.0,0.0,0.0,0.0,0.0
5420.0,0.0,0.0,0.0,0.0
5425.0,0.0,0.0,0.0,0.0
5430.0,0.0,0.0,0.0,0.0
5435.0,0.0,0.0,0.0,0.0
5440.0,0.0,0.0,0.0,0.0
5445.0,0.0,0.0,0.0,0.0
5450.0,0.0,0.0,0.0,0.0
5455.0,0.0,0.0,0.0,0.0
5460.0,0.0,0.0,0.0,0.0
5465.0,0.0,0.0,0.0,0.0
5470.0,0.0,0.0,0.0,0.0
5475.0,0.0,0.0,0.0,0.0
5480.0,0.0,0.0,0.0,0.0
5485.0,0.0,0.0,0.0,0.0
5490.0,0.0,0.0,0.0,0.0
5495.0,0.0,0.0,0.0,0.0
5500.0,0.0,0.0,0.0,0.0
5505.0,0.0,0.0,0.0,0.0
5510.0,0.0,0.0,0.0,0.0
5515.0,0.0,0.0,0.0,0.0
5520.0,0.0,0.0,0.0,0.0
5525.0,0.0,0.0,0.0,0.0
5530.0,0.0,0.0,0.0,0.0
5535.0,0.0,0.0,0.0,0.0
5540.0,0.0,0.0,0.0,0.0
5545.0,0.0,0.0,0.0,0.0
5550.0,0.0,0.0,0.0,0.0
5555.0,0.0,0.0,0.0,0.0
5560.0,0.0,0.0,0.0,0.0
5565.0,0.0,0.0,0.0,0.0
5570.0,0.0,0.0,0.0,0.0
5575.0,0.0,0.0,0.0,0.0
5580.0,0.0,0.0,0.0,0.0
5585.0,0.0,0.0,0.0,0.0
5590.0,0.0,0.0,0.0,0.0
5595.0,0.0,0.0,0.0,0.0
5600.0,0.0,0.0,0.0,0.0
5605.0,0.0,0.0,0.0,0.0
5610.0,0.0,0.0,0.0,0.0
5615.0,0.0,0.0,0.0,0.0
5620.0,0.0,0.0,0.0,0.0
5625.0,0.0,0.0,0.0,0.0
5630.0,0.0,0.0,0.0,0.0
5635.0,0.0,0.0,0.0,0.0
5640.0,0.0,0.0,0.0,0.0
5645.0,0.0,0.0,0.0,0.0
5650.0,0.0,0.0,0.0,0.0
5655.0,0.0,0.0,0.0,0.0
5660.0,0.0,0.0,0.0,0.0
5665.0,0.0,0.0,0.0,0.0
5670.0,0.0,0.0,0.0,0.0
5675.0,0.0,0.0,0.0,0.0
5680.0,0.0,0.0,0.0,0.0
5685.0,0.0,0.0,0.0,0.0
5690.0,0.0,0.0,0.0,0.0
5695.0,0.0,0.0,0.0,0.0
5700.0,0.0,0.0,0.0,0.0
5705.0,0.0,0.0,0.0,0.0
5710.0,0.0,0.0,0.0,0.0
5715.0,0.0,0.0,0.0,0.0
5720.0,0.0,0.0,0.0,0.0
5725.0,0.0,0.0,0.0,0.0
5730.0,0.0,0.0,0.0,0.0
5735.0,0.0,0.0,0.0,0.0
5740.0,0.0,0.0,0.0,0.0
5745.0,0.0,0.0,0.0,0.0
5750.0,0.0,0.0,0.0,0.0
5755.0,0.0,0.0,0.0,0.0
5760.0,0.0,0.0,0.0,0.0
5765.0,0.0,0.0,0.0,0.0
5770.0,0.0,0.0,0.0,0.0
5775.0,0.0,0.0,0.0,0.0
5780.0,0.0,0.0,0.0,0.0
5785.0,0.0,0.0,0.0,0.0
5790.0,0.0,0.0,0.0,0.0
5795.0,0.0,0.0,0.0,0.0
5800.0,0.0,0.0,0.0,0.0
5805.0,0.0,0.0,0.0,0.0
5810.0,0.0,0.0,0.0,0.0
5815.0,0.0,0.0,0.0,0.0
5820.0,0.0,0.0,0.0,0.0
5825.0,0.0,0.0,0.0,0.0
5830.0,0.0,0.0,0.0,0.0
5835.0,0.0,0.0,0.0,0.0
5840.0,0.0,0.0,0.0,0.0
5845.0,0.0,0.0,0.0,0.0
5850.0,0.0,0.0,0.0,0.0
5855.0,0.0,0.0,0.0,0.0
5860.0,0.0,0.0,0.0,0.0
5865.0,0.0,0.0,0.0,0.0
5870.0,0.0,0.0,0.0,0.0
5875.0,0.0,0.0,0.0,0.0
5880.0,0.0,0.0,0.0,0.0
5885.0,0.0,0.0,0.0,0.0
5890.0,0.0,0.0,0.0,0.0
5895.0,0.0,0.0,0.0,0.0
5900.0,0.0,0.0,0.0,0.0
5905.0,0.0,0.0,0.0,0.0
5910.0,0.0,0.0,0.0,0.0
5915.0,0.0,0.0,0.0,0.0
5920.0,0.0,0.0,0.0,0.0
5925.0,0.0,0.0,0.0,0.0
5930.0,0.0,0.0,0.0,0.0
5935.0,0.0,0.0,0.0,0.0
5940.0,0.0,0.0,0.0,0.0
5945.0,0.0,0.0,0.0,0.0
5950.0,0.0,0.0,0.0,0.0
5955.0,0.0,0.0,0.0,0.0
5960.0,0.0,0.0,0.0,0.0
5965.0,0.0,0.0,0.0,0.0
5970.0,0.0,0.0,0.0,0.0
5975.0,0.0,0.0,0.0,0.0
5980.0,0.0,0.0,0.0,0.0
5985.0,0.0,0.0,0.0,0.0
5990.0,0.0,0.0,0.0,0.0
5995.0,0.0,0.0,0.0,0.0
6000.0,0.0,0.0,0.0,0.0
6005.0,0.0,0.0,0.0,0.0
6010.0,0.0,0.0,0.0,0.0
6015.0,0.0,0.0,0.0,0.0
6020.0,0.0,0.0,0.0,0.0
6025.0,0.0,0.0,0.0,0.0
6030.0,0.0,0.0,0.0,0.0
6035.0,0.0,0.0,0.0,0.0
6040.0,0.0,0.0,0.0,0.0
6045.0,0.0,0.0,0.0,0.0
6050.0,0.0,0.0,0.0,0.0
6055.0,0.0,0.0,0.0,0.0
6060.0,0.0,0.0,0.0,0.0
6065.0,0.0,0.0,0.0,0.0
6070.0,0.0,0.0,0.0,0.0
6075.0,0.0,0.0,0.0,0.0
6080.0,0.0,0.0,0.0,0.0
6085.0,0.0,0.0,0.0,0.0
6090.0,0.0,0.0,0.0,0.0
6095.0,0.0,0.0,0.0,0.0
6100.0,0.0,0.0,0.0,0.0
6105.0,0.0,0.0,0.0,0.0
6110.0,0.0,0.0,0.0,0.0
6115.0,0.0,0.0,0.0,0.0
6120.0,0.0,0.0,0.0,0.0
6125.0,0.0,0.0,0.0,0.0
6130.0,0.0,0.0,0.0,0.0
6135.0,0.0,0.0,0.0,0.0
6140.0,0.0,0.0,0.0,0.0
6145.0,0.0,0.0,0.0,0.0
6150.0,0.0,0.0,0.0,0.0
6155.0,0.0,0.0,0.0,0.0
6160.0,0.0,0.0,0.0,0.0
6165.0,0.0,0.0,0.0,0.0
6170.0,0.0,0.0,0.0,0.0
6175.0,0.0,0.0,0.0,0.0
6180.0,0.0,0.0,0.0,0.0
6185.0,0.0,0.0,0.0,0.0
6190.0,0.0,0.0,0.0,0.0
6195.0,0.0,0.0,0.0,0.0
6200.0,0.0,0.0,0.0,0.0
6205.0,0.0,0.0,0.0,0.0
6210.0,0.0,0.0,0.0,0.0
6215.0,0.0,0.0,0.0,0.0
6220.0,0.0,0.0,0.0,0.0
6225.0,0.0,0.0,0.0,0.0
6230.0,0.0,0.0,0.0,0.0
6235.0,0.0,0.0,0.0,0.0
6240.0,0.0,0.0,0.0,0.0
6245.0,0.0,0.0,0.0,0.0
6250.0,0.0,0.0,0.0,0.0
6255.0,0.0,0.0,0.0,0.0
6260.0,0.0,0.0,0.0,0.0
6265.0,0.0,0.0,0.0,0.0
6270.0,0.0,0.0,0.0,0.0
6275.0,0.0,0.0,0.0,0.0
6280.0,0.0,0.0,0.0,0.0
6285.0,0.0,0.0,0.0,0.0
6290.0,0.0,0.0,0.0,0.0
6295.0,0.0,0.0,0.0,0.0
6300.0,0.0,0.0,0.0,0.0
6305.0,0.0,0.0,0.0,0.0
6310.0,0.0,0.0,0.0,0.0
6315.0,0.0,0.0,0.0,0.0
6320.0,0.0,0.0,0.0,0.0
6325.0,0.0,0.0,0.0,0.0
6330.0,0.0,0.0,0.0,0.0
6335.0,0.0,0.0,0.0,0.0
6340.0,0.0,0.0,0.0,0.0
6345.0,0.0,0.0,0.0,0.0
6350.0,0.0,0.0,0.0,0.0
6355.0,0.0,0.0,0.0,0.0
6360.0,0.0,0.0,0.0,0.0
6365.0,0.0,0.0,0.0,0.0
6370.0,0.0,0.0,0.0,0.0
6375.0,0.0,0.0,0.0,0.0
6380.0,0.0,0.0,0.0,0.0
6385.0,0.0,0.0,0.0,0.0
6390.0,0.0,0.0,0.0,0.0
6395.0,0.0,0.0,0.0,0.0
6400.0,0.0,0.0,0.0,0.0
6405.0,0.0,0.0,0.0,0.0
6410.0,0.0,0.0,0.0,0.0
6415.0,0.0,0.0,0.0,0.0
6420.0,0.0,0.0,0.0,0.0
6425.0,0.0,0.0,0.0,0.0
6430.0,0.0,0.0,0.0,0.0
6435.0,0.0,0.0,0.0,0.0
6440.0,0.0,0.0,0.0,0.0
6445.0,0.0,0.0,0.0,0.0
6450.0,0.0,0.0,0.0,0.0
6455.0,0.0,0.0,0.0,0.0
6460.0,0.0,0.0,0.0,0.0
6465.0,0.0,0.0,0.0,0.0
6470.0,0.0,0.0,0.0,0.0
6475.0,0.0,0.0,0.0,0.0
6480.0,0.0,0.0,0.0,0.0
6485.0,0.0,0.0,0.0,0.0
6490.0,0.0,0.0,0.0,0.0
6495.0,0.0,0.0,0.0,0.0
6500.0,0.0,0.0,0.0,0.0
6505.0,0.0,0.0,0.0,0.0
6510.0,0.0,0.0,0.0,0.0
6515.0,0.0,0.0,0.0,0.0
6520.0,0.0,0.0,0.0,0.0
6525.0,0.0,0.0,0.0,0.0
6530.0,0.0,0.0,0.0,0.0
6535.0,0.0,0.0,0.0,0.0
6540.0,0.0,0.0,0.0,0.0
6545.0,0.0,0.0,0.0,0.0
6550.0,0.0,0.0,0.0,0.0
6555.0,0.0,0.0,0.0,0.0
6560.0,0.0,0.0,0.0,0.0
6565.0,0.0,0.0,0.0,0.0
6570.0,0.0,0.0,0.0,0.0
6575.0,0.0,0.0,0.0,0.0
6580.0,0.0,0.0,0.0,0.0
6585.0,0.0,0.0,0.0,0.0
6590.0,0.0,0.0,0.0,0.0
6595.0,0.0,0.0,0.0,0.0
6600.0,0.0,0.0,0.0,0.0
6605.0,0.0,0.0,0.0,0.0
6610.0,0.0,0.0,0.0,0.0
6615.0,0.0,0.0,0.0,0.0
6620.0,0.0,0.0,0.0,0.0
6625.0,0.0,0.0,0.0,0.0
6630.0,0.0,0.0,0.0,0.0
6635.0,0.0,0.0,0.0,0.0
6640.0,0.0,0.0,0.0,0.0
6645.0,0.0,0.0,0.0,0.0
6650.0,0.0,0.0,0.0,0.0
6655.0,0.0,0.0,0.0,0.0
6660.0,0.0,0.0,0.0,0.0
6665.0,0.0,0.0,0.0,0.0
6670.0,0.0,0.0,0.0,0.0
6675.0,0.0,0.0,0.0,0.0
6680.0,0.0,0.0,0.0,0.0
6685.0,0.0,0.0,0.0,0.0
6690.0,0.0,0.0,0.0,0.0
6695.0,0.0,0.0,0.0,0.0
6700.0,0.0,0.0,0.0,0.0
6705.0,0.0,0.0,0.0,0.0
6710.0,0.0,0.0,0.0,0.0
6715.0,0.0,0.0,0.0,0.0
6720.0,0.0,0.0,0.0,0.0
6725.0,0.0,0.0,0.0,0.0
6730.0,0.0,0.0,0.0,0.0
6735.0,0.0,0.0,0.0,0.0
6740.0,0.0,0.0,0.0,0.0
6745.0,0.0,0.0,0.0,0.0
6750.0,0.0,0.0,0.0,0.0
6755.0,0.0,0.0,0.0,0.0
6760.0,0.0,0.0,0.0,0.0
6765.0,0.0,0.0,0.0,0.0
6770.0,0.0,0.0,0.0,0.0
6775.0,0.0,0.0,0.0,0.0
6780.0,0.0,0.0,0.0,0.0
6785.0,0.0,0.0,0.0,0.0
6790.0,0.0,0.0,0.0,0.0
6795.0,0.0,0.0,0.0,0.0
6800.0,0.0,0.0,0.0,0.0
6805.0,0.0,0.0,0.0,0.0
6810.0,0.0,0.0,0.0,0.0
6815.0,0.0,0.0,0.0,0.0
6820.0,0.0,0.0,0.0,0.0
6825.0,0.0,0.0,0.0,0.0
6830.0,0.0,0.0,0.0,0.0
6835.0,0.0,0.0,0.0,0.0
6840.0,0.0,0.0,0.0,0.0
6845.0,0.0,0.0,0.0,0.0
6850.0,0.0,0.0,0.0,0.0
6855.0,0.0,0.0,0.0,0.0
6860.0,0.0,0.0,0.0,0.0
6865.0,0.0,0.0,0.0,0.0
6870.0,0.0,0.0,0.0,0.0
6875.0,0.0,0.0,0.0,0.0
6880.0,0.0,0.0,0.0,0.0
6885.0,0.0,0.0,0.0,0.0
6890.0,0.0,0.0,0.0,0.0
6895.0,0.0,0.0,0.0,0.0
6900.0,0.0,0.0,0.0,0.0
6905.0,0.0,0.0,0.0,0.0
6910.0,0.0,0.0,0.0,0.0
6915.0,0.0,0.0,0.0,0.0
6920.0,0.0,0.0,0.0,0.0
6925.0,0.0,0.0,0.0,0.0
6930.0,0.0,0.0,0.0,0.0
6935.0,0.0,0.0,0.0,0.0
6940.0,0.0,0.0,0.0,0.0
6945.0,0.0,0.0,0.0,0.0
6950.0,0.0,0.0,0.0,0.0
6955.0,0.0,0.0,0.0,0.0
6960.0,0.0,0.0,0.0,0.0
6965.0,0.0,0.0,0.0,0.0
6970.0,0.0,0.0,0.0,0.0
6975.0,0.0,0.0,0.0,0.0
6980.0,0.0,0.0,0.0,0.0
6985.0,0.0,0.0,0.0,0.0
6990.0,0.0,0.0,0.0,0.0
6995.0,0.0,0.0,0.0,0.0
7000.0,0.0,0.0,0.0,0.0
7005.0,0.0,0.0,0.0,0.0
7010.0,0.0,0.0,0.0,0.0
7015.0,0.0,0.0,0.0,0.0
7020.0,0.0,0.0,0.0,0.0
7025.0,0.0,0.0,0.0,0.0
7030.0,0.0,0.0,0.0,0.0
7035.0,0.0,0.0,0.0,0.0
7040.0,0.0,0.0,0.0,0.0
7045.0,0.0,0.0,0.0,0.0
7050.0,0.0,0.0,0.0,0.0
7055.0,0.0,0.0,0.0,0.0
7060.0,0.0,0.0,0.0,0.0
7065.0,0.0,0.0,0.0,0.0
7070.0,0.0,0.0,0.0,0.0
7075.0,0.0,0.0,0.0,0.0
7080.0,0.0,0.0,0.0,0.0
7085.0,0.0,0.0,0.0,0.0
7090.0,0.0,0.0,0.0,0.0
7095.0,0.0,0.0,0.0,0.0
7100.0,0.0,0.0,0.0,0.0
7105.0,0.0,0.0,0.0,0.0
7110.0,0.0,0.0,0.0,0.0
7115.0,0.0,0.0,0.0,0.0
7120.0,0.0,0.0,0.0,0.0
7125.0,0.0,0.0,0.0,0.0
7130.0,0.0,0.0,0.0,0.0
7135.0,0.0,0.0,0.0,0.0
7140.0,0.0,0.0,0.0,0.0
7145.0,0.0,0.0,0.0,0.0
7150.0,0.0,0.0,0.0,0.0
7155.0,0.0,0.0,0.0,0.0
7160.0,0.0,0.0,0.0,0.0
7165.0,0.0,0.0,0.0,0.0
7170.0,0.0,0.0,0.0,0.0
7175.0,0.0,0.0,0.0,0.0
7180.0,0.0,0.0,0.0,0.0
7185.0,0.0,0.0,0.0,0.0
7190.0,0.0,0.0,0.0,0.0
7195.0,0.0,0.0,0.0,0.0
7200.0,0.0,0.0,0.0,0.0
7205.0,0.0,0.0,0.0,0.0
7210.0,0.0,0.0,0.0,0.0
7215.0,0.0,0.0,0.0,0.0
7220.0,0.0,0.0,0.0,0.0
7225.0,0.0,0.0,0.0,0.0
7230.0,0.0,0.0,0.0,0.0
7235.0,0.0,0.0,0.0,0.0
7240.0,0.0,0.0,0.0,0.0
7245.0,0.0,0.0,0.0,0.0
7250.0,0.0,0.0,0.0,0.0
7255.0,0.0,0.0,0.0,0.0
7260.0,0.0,0.0,0.0,0.0
7265.0,0.0,0.0,0.0,0.0
7270.0,0.0,0.0,0.0,0.0
7275.0,0.0,0.0,0.0,0.0
7280.0,0.0,0.0,0.0,0.0
7285.0,0.0,0.0,0.0,0.0
7290.0,0.0,0.0,0.0,0.0
7295.0,0.0,0.0,0.0,0.0
7300.0,0.0,0.0,0.0,0.0
7305.0,0.0,0.0,0.0,0.0
7310.0,0.0,0.0,0.0,0.0
7315.0,0.0,0.0,0.0,0.0
7320.0,0.0,0.0,0.0,0.0
7325.0,0.0,0.0,0.0,0.0
7330.0,0.0,0.0,0.0,0.0
7335.0,0.0,0.0,0.0,0.0
7340.0,0.0,0.0,0.0,0.0
7345.0,0.0,0.0,0.0,0.0
7350.0,0.0,0.0,0.0,0.0
7355.0,0.0,0.0,0.0,0.0
7360.0,0.0,0.0,0.0,0.0
7365.0,0.0,0.0,0.0,0.0
7370.0,0.0,0.0,0.0,0.0
7375.0,0.0,0.0,0.0,0.0
7380.0,0.0,0.0,0.0,0.0
7385.0,0.0,0.0,0.0,0.0
7390.0,0.0,0.0,0.0,0.0
7395.0,0.0,0.0,0.0,0.0
7400.0,0.0,0.0,0.0,0.0
7405.0,0.0,0.0,0.0,0.0
7410.0,0.0,0.0,0.0,0.0
7415.0,0.0,0.0,0.0,0.0
7420.0,0.0,0.0,0.0,0.0
7425.0,0.0,0.0,0.0,0.0
7430.0,0.0,0.0,0.0,0.0
7435.0,0.0,0.0,0.0,0.0
7440.0,0.0,0.0,0.0,0.0
7445.0,0.0,0.0,0.0,0.0
7450.0,0.0,0.0,0.0,0.0
7455.0,0.0,0.0,0.0,0.0
7460.0,0.0,0.0,0.0,0.0
7465.0,0.0,0.0,0.0,0.0
7470.0,0.0,0.0,0.0,0.0
7475.0,0.0,0.0,0.0,0.0
7480.0,0.0,0.0,0.0,0.0
7485.0,0.0,0.0,0.0,0.0
7490.0,0.0,0.0,0.0,0.0
7495.0,0.0,0.0,0.0,0.0
7500.0,0.0,0.0,0.0,0.0
7505.0,0.0,0.0,0.0,0.0
7510.0,0.0,0.0,0.0,0.0
7515.0,0.0,0.0,0.0,0.0
7520.0,0.0,0.0,0.0,0.0
7525.0,0.0,0.0,0.0,0.0
7530.0,0.0,0.0,0.0,0.0
7535.0,0.0,0.0,0.0,0.0
7540.0,0.0,0.0,0.0,0.0
7545.0,0.0,0.0,0.0,0.0
7550.0,0.0,0.0,0.0,0.0
7555.0,0.0,0.0,0.0,0.0
7560.0,0.0,0.0,0.0,0.0
7565.0,0.0,0.0,0.0,0.0
7570.0,0.0,0.0,0.0,0.0
7575.0,0.0,0.0,0.0,0.0
7580.0,0.0,0.0,0.0,0.0
7585.0,0.0,0.0,0.0,0.0
7590.0,0.0,0.0,0.0,0.0
7595.0,0.0,0.0,0.0,0.0
7600.0,0.0,0.0,0.0,0.0
7605.0,0.0,0.0,0.0,0.0
7610.0,0.0,0.0,0.0,0.0
7615.0,0.0,0.0,0.0,0.0
7620.0,0.0,0.0,0.0,0.0
7625.0,0.0,0.0,0.0,0.0
7630.0,0.0,0.0,0.0,0.0
7635.0,0.0,0.0,0.0,0.0
7640.0,0.0,0.0,0.0,0.0
7645.0,0.0,0.0,0.0,0.0
7650.0,0.0,0.0,0.0,0.0
7655.0,0.0,0.0,0.0,0.0
7660.0,0.0,0.0,0.0,0.0
7665.0,0.0,0.0,0.0,0.0
7670.0,0.0,0.0,0.0,0.0
7675.0,0.0,0.0,0.0,0.0
7680.0,0.0,0.0,0.0,0.0
7685.0,0.0,0.0,0.0,0.0
7690.0,0.0,0.0,0.0,0.0
7695.0,0.0,0.0,0.0,0.0
7700.0,0.0,0.0,0.0,0.0
7705.0,0.0,0.0,0.0,0.0
7710.0,0.0,0.0,0.0,0.0
7715.0,0.0,0.0,0.0,0.0
7720.0,0.0,0.0,0.0,0.0
7725.0,0.0,0.0,0.0,0.0
7730.0,0.0,0.0,0.0,0.0
7735.0,0.0,0.0,0.0,0.0
7740.0,0.0,0.0,0.0,0.0
7745.0,0.0,0.0,0.0,0.0
7750.0,0.0,0.0,0.0,0.0
7755.0,0.0,0.0,0.0,0.0
7760.0,0.0,0.0,0.0,0.0
7765.0,0.0,0.0,0.0,0.0
7770.0,0.0,0.0,0.0,0.0
7775.0,0.0,0.0,0.0,0.0
7780.0,0.0,0.0,0.0,0.0
7785.0,0.0,0.0,0.0,0.0
7790.0,0.0,0.0,0.0,0.0
7795.0,0.0,0.0,0.0,0.0
7800.0,0.0,0.0,0.0,0.0
7805.0,0.0,0.0,0.0,0.0
7810.0,0.0,0.0,0.0,0.0
7815.0,0.0,0.0,0.0,0.0
7820.0,0.0,0.0,0.0,0.0
7825.0,0.0,0.0,0.0,0.0
7830.0,0.0,0.0,0.0,0.0
7835.0,0.0,0.0,0.0,0.0
7840.0,0.0,0.0,0.0,0.0
7845.0,0.0,0.0,0.0,0.0
7850.0,0.0,0.0,0.0,0.0
7855.0,0.0,0.0,0.0,0.0
7860.0,0.0,0.0,0.0,0.0
7865.0,0.0,0.0,0.0,0.0
7870.0,0.0,0.0,0.0,0.0
7875.0,0.0,0.0,0.0,0.0
7880.0,0.0,0.0,0.0,0.0
7885.0,0.0,0.0,0.0,0.0
7890.0,0.0,0.0,0.0,0.0
7895.0,0.0,0.0,0.0,0.0
7900.0,0.0,0.0,0.0,0.0
7905.0,0.0,0.0,0.0,0.0
7910.0,0.0,0.0,0.0,0.0
7915.0,0.0,0.0,0.0,0.0
7920.0,0.0,0.0,0.0,0.0
7925.0,0.0,0.0,0.0,0.0
7930.0,0.0,0.0,0.0,0.0
7935.0,0.0,0.0,0.0,0.0
7940.0,0.0,0.0,0.0,0.0
7945.0,0.0,0.0,0.0,0.0
7950.0,0.0,0.0,0.0,0.0
7955.0,0.0,0.0,0.0,0.0
7960.0,0.0,0.0,0.0,0.0
7965.0,0.0,0.0,0.0,0.0
7970.0,0.0,0.0,0.0,0.0
7975.0,0.0,0.0,0.0,0.0
7980.0,0.0,0.0,0.0,0.0
7985.0,0.0,0.0,0.0,0.0
7990.0,0.0,0.0,0.0,0.0
7995.0,0.0,0.0,0.0,0.0
8000.0,0.0,0.0,0.0,0.0
8005.0,0.0,0.0,0.0,0.0
8010.0,0.0,0.0,0.0,0.0
8015.0,0.0,0.0,0.0,0.0
8020.0,0.0,0.0,0.0,0.0
8025.0,0.0,0.0,0.0,0.0
8030.0,0.0,0.0,0.0,0.0
8035.0,0.0,0.0,0.0,0.0
8040.0,0.0,0.0,0.0,0.0
8045.0,0.0,0.0,0.0,0.0
8050.0,0.0,0.0,0.0,0.0
8055.0,0.0,0.0,0.0,0.0
8060.0,0.0,0.0,0.0,0.0
8065.0,0.0,0.0,0.0,0.0
8070.0,0.0,0.0,0.0,0.0
8075.0,0.0,0.0,0.0,0.0
8080.0,0.0,0.0,0.0,0.0
8085.0,0.0,0.0,0.0,0.0
8090.0,0.0,0.0,0.0,0.0
8095.0,0.0,0.0,0.0,0.0
8100.0,0.0,0.0,0.0,0.0
8105.0,0.0,0.0,0.0,0.0
8110.0,0.0,0.0,0.0,0.0
8115.0,0.0,0.0,0.0,0.0
8120.0,0.0,0.0,0.0,0.0
8125.0,0.0,0.0,0.0,0.0
8130.0,0.0,0.0,0.0,0.0
8135.0,0.0,0.0,0.0,0.0
8140.0,0.0,0.0,0.0,0.0
8145.0,0.0,0.0,0.0,0.0
8150.0,0.0,0.0,0.0,0.0
8155.0,0.0,0.0,0.0,0.0
8160.0,0.0,0.0,0.0,0.0
8165.0,0.0,0.0,0.0,0.0
8170.0,0.0,0.0,0.0,0.0
8175.0,0.0,0.0,0.0,0.0
8180.0,0.0,0.0,0.0,0.0
8185.0,0.0,0.0,0.0,0.0
8190.0,0.0,0.0,0.0,0.0
8195.0,0.0,0.0,0.0,0.0
8200.0,0.0,0.0,0.0,0.0
8205.0,0.0,0.0,0.0,0.0
8210.0,0.0,0.0,0.0,0.0
8215.0,0.0,0.0,0.0,0.0
8220.0,0.0,0.0,0.0,0.0
8225.0,0.0,0.0,0.0,0.0
8230.0,0.0,0.0,0.0,0.0
8235.0,0.0,0.0,0.0,0.0
8240.0,0.0,0.0,0.0,0.0
8245.0,0.0,0.0,0.0,0.0
8250.0,0.0,0.0,0.0,0.0
8255.0,0.0,0.0,0.0,0.0
8260.0,0.0,0.0,0.0,0.0
8265.0,0.0,0.0,0.0,0.0
8270.0,0.0,0.0,0.0,0.0
8275.0,0.0,0.0,0.0,0.0
8280.0,0.0,0.0,0.0,0.0
8285.0,0.0,0.0,0.0,0.0
8290.0,0.0,0.0,0.0,0.0
8295.0,0.0,0.0,0.0,0.0
8300.0,0.0,0.0,0.0,0.0
8305.0,0.0,0.0,0.0,0.0
8310.0,0.0,0.0,0.0,0.0
8315.0,0.0,0.0,0.0,0.0
8320.0,0.0,0.0,0.0,0.0
8325.0,0.0,0.0,0.0,0.0
8330.0,0.0,0.0,0.0,0.0
8335.0,0.0,0.0,0.0,0.0
8340.0,0.0,0.0,0.0,0.0
8345.0,0.0,0.0,0.0,0.0
8350.0,0.0,0.0,0.0,0.0
8355.0,0.0,0.0,0.0,0.0
8360.0,0.0,0.0,0.0,0.0
8365.0,0.0,0.0,0.0,0.0
8370.0,0.0,0.0,0.0,0.0
8375.0,0.0,0.0,0.0,0.0
8380.0,0.0,0.0,0.0,0.0
8385.0,0.0,0.0,0.0,0.0
8390.0,0.0,0.0,0.0,0.0
8395.0,0.0,0.0,0.0,0.0
8400.0,0.0,0.0,0.0,0.0
8405.0,0.0,0.0,0.0,0.0
8410.0,0.0,0.0,0.0,0.0
8415.0,0.0,0.0,0.0,0.0
8420.0,0.0,0.0,0.0,0.0
8425.0,0.0,0.0,0.0,0.0
8430.0,0.0,0.0,0.0,0.0
8435.0,0.0,0.0,0.0,0.0
8440.0,0.0,0.0,0.0,0.0
8445.0,0.0,0.0,0.0,0.0
8450.0,0.0,0.0,0.0,0.0
8455.0,0.0,0.0,0.0,0.0
8460.0,0.0,0.0,0.0,0.0
8465.0,0.0,0.0,0.0,0.0
8470.0,0.0,0.0,0.0,0.0
8475.0,0.0,0.0,0.0,0.0
8480.0,0.0,0.0,0.0,0.0
8485.0,0.0,0.0,0.0,0.0
8490.0,0.0,0.0,0.0,0.0
8495.0,0.0,0.0,0.0,0.0
8500.0,0.0,0.0,0.0,0.0
8505.0,0.0,0.0,0.0,0.0
8510.0,0.0,0.0,0.0,0.0
8515.0,0.0,0.0,0.0,0.0
8520.0,0.0,0.0,0.0,0.0
8525.0,0.0,0.0,0.0,0.0
8530.0,0.0,0.0,0.0,0.0
8535.0,0.0,0.0,0.0,0.0
8540.0,0.0,0.0,0.0,0.0
8545.0,0.0,0.0,0.0,0.0
8550.0,0.0,0.0,0.0,0.0
8555.0,0.0,0.0,0.0,0.0
8560.0,0.0,0.0,0.0,0.0
8565.0,0.0,0.0,0.0,0.0
8570.0,0.0,0.0,0.0,0.0
8575.0,0.0,0.0,0.0,0.0
8580.0,0.0,0.0,0.0,0.0
8585.0,0.0,0.0,0.0,0.0
8590.0,0.0,0.0,0.0,0.0
8595.0,0.0,0.0,0.0,0.0
8600.0,0.0,0.0,0.0,0.0
8605.0,0.0,0.0,0.0,0.0
8610.0,0.0,0.0,0.0,0.0
8615.0,0.0,0.0,0.0,0.0
8620.0,0.0,0.0,0.0,0.0
8625.0,0.0,0.0,0.0,0.0
8630.0,0.0,0.0,0.0,0.0
8635.0,0.0,0.0,0.0,0.0
8640.0,0.0,0.0,0.0,0.0
8645.0,0.0,0.0,0.0,0.0
8650.0,0.0,0.0,0.0,0.0
8655.0,0.0,0.0,0.0,0.0
8660.0,0.0,0.0,0.0,0.0
8665.0,0.0,0.0,0.0,0.0
8670.0,0.0,0.0,0.0,0.0
8675.0,0.0,0.0,0.0,0.0
8680.0,0.0,0.0,0.0,0.0
8685.0,0.0,0.0,0.0,0.0
8690.0,0.0,0.0,0.0,0.0
8695.0,0.0,0.0,0.0,0.0
8700.0,0.0,0.0,0.0,0.0
8705.0,0.0,0.0,0.0,0.0
8710.0,0.0,0.0,0.0,0.0
8715.0,0.0,0.0,0.0,0.0
8720.0,0.0,0.0,0.0,0.0
8725.0,0.0,0.0,0.0,0.0
8730.0,0.0,0.0,0.0,0.0
8735.0,0.0,0.0,0.0,0.0
8740.0,0.0,0.0,0.0,0.0
8745.0,0.0,0.0,0.0,0.0
8750.0,0.0,0.0,0.0,0.0
8755.0,0.0,0.0,0.0,0.0
8760.0,0.0,0.0,0.0,0.0
8765.0,0.0,0.0,0.0,0.0
8770.0,0.0,0.0,0.0,0.0
8775.0,0.0,0.0,0.0,0.0
8780.0,0.0,0.0,0.0,0.0
8785.0,0.0,0.0,0.0,0.0
8790.0,0.0,0.0,0.0,0.0
8795.0,0.0,0.0,0.0,0.0
8800.0,0.0,0.0,0.0,0.0
8805.0,0.0,0.0,0.0,0.0
8810.0,0.0,0.0,0.0,0.0
8815.0,0.0,0.0,0.0,0.0
8820.0,0.0,0.0,0.0,0.0
8825.0,0.0,0.0,0.0,0.0
8830.0,0.0,0.0,0.0,0.0
8835.0,0.0,0.0,0.0,0.0
8840.0,0.0,0.0,0.0,0.0
8845.0,0.0,0.0,0.0,0.0
8850.0,0.0,0.0,0.0,0.0
8855.0,0.0,0.0,0.0,0.0
8860.0,0.0,0.0,0.0,0.0
8865.0,0.0,0.0,0.0,0.0
8870.0,0.0,0.0,0.0,0.0
8875.0,0.0,0.0,0.0,0.0
8880.0,0.0,0.0,0.0,0.0
8885.0,0.0,0.0,0.0,0.0
8890.0,0.0,0.0,0.0,0.0
8895.0,0.0,0.0,0.0,0.0
8900.0,0.0,0.0,0.0,0.0
8905.0,0.0,0.0,0.0,0.0
8910.0,0.0,0.0,0.0,0.0
8915.0,0.0,0.0,0.0,0.0
8920.0,0.0,0.0,0.0,0.0
8925.0,0.0,0.0,0.0,0.0
8930.0,0.0,0.0,0.0,0.0
8935.0,0.0,0.0,0.0,0.0
8940.0,0.0,0.0,0.0,0.0
8945.0,0.0,0.0,0.0,0.0
8950.0,0.0,0.0,0.0,0.0
8955.0,0.0,0.0,0.0,0.0
8960.0,0.0,0.0,0.0,0.0
8965.0,0.0,0.0,0.0,0.0
8970.0,0.0,0.0,0.0,0.0
8975.0,0.0,0.0,0.0,0.0
8980.0,0.0,0.0,0.0,0.0
8985.0,0.0,0.0,0.0,0.0
8990.0,0.0,0.0,0.0,0.0
8995.0,0.0,0.0,0.0,0.0
9000.0,0.0,0.0,0.0,0.0
9005.0,0.0,0.0,0.0,0.0
9010.0,0.0,0.0,0.0,0.0
9015.0,0.0,0.0,0.0,0.0
9020.0,0.0,0.0,0.0,0.0
9025.0,0.0,0.0,0.0,0.0
9030.0,0.0,0.0,0.0,0.0
9035.0,0.0,0.0,0.0,0.0
9040.0,0.0,0.0,0.0,0.0
9045.0,0.0,0.0,0.0,0.0
9050.0,0.0,0.0,0.0,0.0
9055.0,0.0,0.0,0.0,0.0
9060.0,0.0,0.0,0.0,0.0
9065.0,0.0,0.0,0.0,0.0
9070.0,0.0,0.0,0.0,0.0
9075.0,0.0,0.0,0.0,0.0
9080.0,0.0,0.0,0.0,0.0
9085.0,0.0,0.0,0.0,0.0
9090.0,0.0,0.0,0.0,0.0
9095.0,0.0,0.0,0.0,0.0
9100.0,0.0,0.0,0.0,0.0
9105.0,0.0,0.0,0.0,0.0
9110.0,0.0,0.0,0.0,0.0
9115.0,0.0,0.0,0.0,0.0
9120.0,0.0,0.0,0.0,0.0
9125.0,0.0,0.0,0.0,0.0
9130.0,0.0,0.0,0.0,0.0
9135.0,0.0,0.0,0.0,0.0
9140.0,0.0,0.0,0.0,0.0
9145.0,0.0,0.0,0.0,0.0
9150.0,0.0,0.0,0.0,0.0
9155.0,0.0,0.0,0.0,0.0
9160.0,0.0,0.0,0.0,0.0
9165.0,0.0,0.0,0.0,0.0
9170.0,0.0,0.0,0.0,0.0
9175.0,0.0,0.0,0.0,0.0
9180.0,0.0,0.0,0.0,0.0
9185.0,0.0,0.0,0.0,0.0
9190.0,0.0,0.0,0.0,0.0
9195.0,0.0,0.0,0.0,0.0
9200.0,0.0,0.0,0.0,0.0
9205.0,0.0,0.0,0.0,0.0
9210.0,0.0,0.0,0.0,0.0
9215.0,0.0,0.0,0.0,0.0
9220.0,0.0,0.0,0.0,0.0
9225.0,0.0,0.0,0.0,0.0
9230.0,0.0,0.0,0.0,0.0
9235.0,0.0,0.0,0.0,0.0
9240.0,0.0,0.0,0.0,0.0
9245.0,0.0,0.0,0.0,0.0
9250.0,0.0,0.0,0.0,0.0
9255.0,0.0,0.0,0.0,0.0
9260.0,0.0,0.0,0.0,0.0
9265.0,0.0,0.0,0.0,0.0
9270.0,0.0,0.0,0.0,0.0
9275.0,0.0,0.0,0.0,0.0
9280.0,0.0,0.0,0.0,0.0
9285.0,0.0,0.0,0.0,0.0
9290.0,0.0,0.0,0.0,0.0
9295.0,0.0,0.0,0.0,0.0
9300.0,0.0,0.0,0.0,0.0
9305.0,0.0,0.0,0.0,0.0
9310.0,0.0,0.0,0.0,0.0
9315.0,0.0,0.0,0.0,0.0
9320.0,0.0,0.0,0.0,0.0
9325.0,0.0,0.0,0.0,0.0
9330.0,0.0,0.0,0.0,0.0
9335.0,0.0,0.0,0.0,0.0
9340.0,0.0,0.0,0.0,0.0
9345.0,0.0,0.0,0.0,0.0
9350.0,0.0,0.0,0.0,0.0
9355.0,0.0,0.0,0.0,0.0
9360.0,0.0,0.0,0.0,0.0
9365.0,0.0,0.0,0.0,0.0
9370.0,0.0,0.0,0.0,0.0
9375.0,0.0,0.0,0.0,0.0
9380.0,0.0,0.0,0.0,0.0
9385.0,0.0,0.0,0.0,0.0
9390.0,0.0,0.0,0.0,0.0
9395.0,0.0,0.0,0.0,0.0
9400.0,0.0,0.0,0.0,0.0
9405.0,0.0,0.0,0.0,0.0
9410.0,0.0,0.0,0.0,0.0
9415.0,0.0,0.0,0.0,0.0
9420.0,0.0,0.0,0.0,0.0
9425.0,0.0,0.0,0.0,0.0
9430.0,0.0,0.0,0.0,0.0
9435.0,0.0,0.0,0.0,0.0
9440.0,0.0,0.0,0.0,0.0
9445.0,0.0,0.0,0.0,0.0
9450.0,0.0,0.0,0.0,0.0
9455.0,0.0,0.0,0.0,0.0
9460.0,0.0,0.0,0.0,0.0
9465.0,0.0,0.0,0.0,0.0
9470.0,0.0,0.0,0.0,0.0
9475.0,0.0,0.0,0.0,0.0
9480.0,0.0,0.0,0.0,0.0
9485.0,0.0,0.0,0.0,0.0
9490.0,0.0,0.0,0.0,0.0
9495.0,0.0,0.0,0.0,0.0
9500.0,0.0,0.0,0.0,0.0
9505.0,0.0,0.0,0.0,0.0
9510.0,0.0,0.0,0.0,0.0
9515.0,0.0,0.0,0.0,0.0
9520.0,0.0,0.0,0.0,0.0
9525.0,0.0,0.0,0.0,0.0
9530.0,0.0,0.0,0.0,0.0
9535.0,0.0,0.0,0.0,0.0
9540.0,0.0,0.0,0.0,0.0
9545.0,0.0,0.0,0.0,0.0
9550.0,0.0,0.0,0.0,0.0
9555.0,0.0,0.0,0.0,0.0
9560.0,0.0,0.0,0.0,0.0
9565.0,0.0,0.0,0.0,0.0
9570.0,0.0,0.0,0.0,0.0
9575.0,0.0,0.0,0.0,0.0
9580.0,0.0,0.0,0.0,0.0
9585.0,0.0,0.0,0.0,0.0
9590.0,0.0,0.0,0.0,0.0
9595.0,0.0,0.0,0.0,0.0
9600.0,0.0,0.0,0.0,0.0
9605.0,0.0,0.0,0.0,0.0
9610.0,0.0,0.0,0.0,0.0
9615.0,0.0,0.0,0.0,0.0
9620.0,0.0,0.0,0.0,0.0
9625.0,0.0,0.0,0.0,0.0
9630.0,0.0,0.0,0.0,0.0
9635.0,0.0,0.0,0.0,0.0
9640.0,0.0,0.0,0.0,0.0
9645.0,0.0,0.0,0.0,0.0
9650.0,0.0,0.0,0.0,0.0
9655.0,0.0,0.0,0.0,0.0
9660.0,0.0,0.0,0.0,0.0
9665.0,0.0,0.0,0.0,0.0
9670.0,0.0,0.0,0.0,0.0
9675.0,0.0,0.0,0.0,0.0
9680.0,0.0,0.0,0.0,0.0
9685.0,0.0,0.0,0.0,0.0
9690.0,0.0,0.0,0.0,0.0
9695.0,0.0,0.0,0.0,0.0
9700.0,0.0,0.0,0.0,0.0
9705.0,0.0,0.0,0.0,0.0
9710.0,0.0,0.0,0.0,0.0
9715.0,0.0,0.0,0.0,0.0
9720.0,0.0,0.0,0.0,0.0
9725.0,0.0,0.0,0.0,0.0
9730.0,0.0,0.0,0.0,0.0
9735.0,0.0,0.0,0.0,0.0
9740.0,0.0,0.0,0.0,0.0
9745.0,0.0,0.0,0.0,0.0
9750.0,0.0,0.0,0.0,0.0
9755.0,0.0,0.0,0.0,0.0
9760.0,0.0,0.0,0.0,0.0
9765.0,0.0,0.0,0.0,0.0
9770.0,0.0,0.0,0.0,0.0
9775.0,0.0,0.0,0.0,0.0
9780.0,0.0,0.0,0.0,0.0
9785.0,0.0,0.0,0.0,0.0
9790.0,0.0,0.0,0.0,0.0
9795.0,0.0,0.0,0.0,0.0
9800.0,0.0,0.0,0.0,0.0
9805.0,0.0,0.0,0.0,0.0
9810.0,0.0,0.0,0.0,0.0
9815.0,0.0,0.0,0.0,0.0
9820.0,0.0,0.0,0.0,0.0
9825.0,0.0,0.0,0.0,0.0
9830.0,0.0,0.0,0.0,0.0
9835.0,0.0,0.0,0.0,0.0
9840.0,0.0,0.0,0.0,0.0
9845.0,0.0,0.0,0.0,0.0
9850.0,0.0,0.0,0.0,0.0
9855.0,0.0,0.0,0.0,0.0
9860.0,0.0,0.0,0.0,0.0
9865.0,0.0,0.0,0.0,0.0
9870.0,0.0,0.0,0.0,0.0
9875.0,0.0,0.0,0.0,0.0
9880.0,0.0,0.0,0.0,0.0
9885.0,0.0,0.0,0.0,0.0
9890.0,0.0,0.0,0.0,0.0
9895.0,0.0,0.0,0.0,0.0
9900.0,0.0,0.0,0.0,0.0
9905.0,0.0,0.0,0.0,0.0
9910.0,0.0,0.0,0.0,0.0
9915.0,0.0,0.0,0.0,0.0
9920.0,0.0,0.0,0.0,0.0
9925.0,0.0,0.0,0.0,0.0
9930.0,0.0,0.0,0.0,0.0
9935.0,0.0,0.0,0.0,0.0
9940.0,0.0,0.0,0.0,0.0
9945.0,0.0,0.0,0.0,0.0
9950.0,0.0,0.0,0.0,0.0
9955.0,0.0,0.0,0.0,0.0
9960.0,0.0,0.0,0.0,0.0
9965.0,0.0,0.0,0.0,0.0
9970.0,0.0,0.0,0.0,0.0
9975.0,0.0,0.0,0.0,0.0
9980.0,0.0,0.0,0.0,0.0
9985.0,0.0,0.0,0.0,0.0
9990.0,0.0,0.0,0.0,0.0
9995.0,0.0,0.0,0.0,0.0
10000.0,0.0,0.0,0.0,0.0
10005.0,0.0,0.0,0.0,0.0
10010.0,0.0,0.0,0.0,0.0
10015.0,0.0,0.0,0.0,0.0
10020.0,0.0,0.0,0.0,0.0
10025.0,0.0,0.0,0.0,0.0
10030.0,0.0,0.0,0.0,0.0
10035.0,0.0,0.0,0.0,0.0
10040.0,0.0,0.0,0.0,0.0
10045.0,0.0,0.0,0.0,0.0
10050.0,0.0,0.0,0.0,0.0
10055.0,0.0,0.0,0.0,0.0
10060.0,0.0,0.0,0.0,0.0
10065.0,0.0,0.0,0.0,0.0
10070.0,0.0,0.0,0.0,0.0
10075.0,0.0,0.0,0.0,0.0
10080.0,0.0,0.0,0.0,0.0
10085.0,0.0,0.0,0.0,0.0
10090.0,0.0,0.0,0.0,0.0
10095.0,0.0,0.0,0.0,0.0
10100.0,0.0,0.0,0.0,0.0
10105.0,0.0,0.0,0.0,0.0
10110.0,0.0,0.0,0.0,0.0
10115.0,0.0,0.0,0.0,0.0
10120.0,0.0,0.0,0.0,0.0
10125.0,0.0,0.0,0.0,0.0
10130.0,0.0,0.0,0.0,0.0
10135.0,0.0,0.0,0.0,0.0
10140.0,0.0,0.0,0.0,0.0
10145.0,0.0,0.0,0.0,0.0
10150.0,0.0,0.0,0.0,0.0
10155.0,0.0,0.0,0.0,0.0
10160.0,0.0,0.0,0.0,0.0
10165.0,0.0,0.0,0.0,0.0
10170.0,0.0,0.0,0.0,0.0
10175.0,0.0,0.0,0.0,0.0
10180.0,0.0,0.0,0.0,0.0
10185.0,0.0,0.0,0.0,0.0
10190.0,0.0,0.0,0.0,0.0
10195.0,0.0,0.0,0.0,0.0
10200.0,0.0,0.0,0.0,0.0
10205.0,0.0,0.0,0.0,0.0
10210.0,0.0,0.0,0.0,0.0
10215.0,0.0,0.0,0.0,0.0
10220.0,0.0,0.0,0.0,0.0
10225.0,0.0,0.0,0.0,0.0
10230.0,0.0,0.0,0.0,0.0
10235.0,0.0,0.0,0.0,0.0
10240.0,0.0,0.0,0.0,0.0
10245.0,0.0,0.0,0.0,0.0
10250.0,0.0,0.0,0.0,0.0
10255.0,0.0,0.0,0.0,0.0
10260.0,0.0,0.0,0.0,0.0
10265.0,0.0,0.0,0.0,0.0
10270.0,0.0,0.0,0.0,0.0
10275.0,0.0,0.0,0.0,0.0
10280.0,0.0,0.0,0.0,0.0
10285.0,0.0,0.0,0.0,0.0
10290.0,0.0,0.0,0.0,0.0
10295.0,0.0,0.0,0.0,0.0
10300.0,0.0,0.0,0.0,0.0
10305.0,0.0,0.0,0.0,0.0
10310.0,0.0,0.0,0.0,0.0
10315.0,0.0,0.0,0.0,0.0
10320.0,0.0,0.0,0.0,0.0
10325.0,0.0,0.0,0.0,0.0
10330.0,0.0,0.0,0.0,0.0
10335.0,0.0,0.0,0.0,0.0
10340.0,0.0,0.0,0.0,0.0
10345.0,0.0,0.0,0.0,0.0
10350.0,0.0,0.0,0.0,0.0
10355.0,0.0,0.0,0.0,0.0
10360.0,0.0,0.0,0.0,0.0
10365.0,0.0,0.0,0.0,0.0
10370.0,0.0,0.0,0.0,0.0
10375.0,0.0,0.0,0.0,0.0
10380.0,0.0,0.0,0.0,0.0
10385.0,0.0,0.0,0.0,0.0
10390.0,0.0,0.0,0.0,0.0
10395.0,0.0,0.0,0.0,0.0
10400.0,0.0,0.0,0.0,0.0
10405.0,0.0,0.0,0.0,0.0
10410.0,0.0,0.0,0.0,0.0
10415.0,0.0,0.0,0.0,0.0
10420.0,0.0,0.0,0.0,0.0
10425.0,0.0,0.0,0.0,0.0
10430.0,0.0,0.0,0.0,0.0
10435.0,0.0,0.0,0.0,0.0
10440.0,0.0,0.0,0.0,0.0
10445.0,0.0,0.0,0.0,0.0
10450.0,0.0,0.0,0.0,0.0
10455.0,0.0,0.0,0.0,0.0
10460.0,0.0,0.0,0.0,0.0
10465.0,0.0,0.0,0.0,0.0
10470.0,0.0,0.0,0.0,0.0
10475.0,0.0,0.0,0.0,0.0
10480.0,0.0,0.0,0.0,0.0
10485.0,0.0,0.0,0.0,0.0
10490.0,0.0,0.0,0.0,0.0
10495.0,0.0,0.0,0.0,0.0
10500.0,0.0,0.0,0.0,0.0
10505.0,0.0,0.0,0.0,0.0
10510.0,0.0,0.0,0.0,0.0
10515.0,0.0,0.0,0.0,0.0
10520.0,0.0,0.0,0.0,0.0
10525.0,0.0,0.0,0.0,0.0
10530.0,0.0,0.0,0.0,0.0
10535.0,0.0,0.0,0.0,0.0
10540.0,0.0,0.0,0.0,0.0
10545.0,0.0,0.0,0.0,0.0
10550.0,0.0,0.0,0.0,0.0
10555.0,0.0,0.0,0.0,0.0
10560.0,0.0,0.0,0.0,0.0
10565.0,0.0,0.0,0.0,0.0
10570.0,0.0,0.0,0.0,0.0
10575.0,0.0,0.0,0.0,0.0
10580.0,0.0,0.0,0.0,0.0
10585.0,0.0,0.0,0.0,0.0
10590.0,0.0,0.0,0.0,0.0
10595.0,0.0,0.0,0.0,0.0
10600.0,0.0,0.0,0.0,0.0
10605.0,0.0,0.0,0.0,0.0
10610.0,0.0,0.0,0.0,0.0
10615.0,0.0,0.0,0.0,0.0
10620.0,0.0,0.0,0.0,0.0
10625.0,0.0,0.0,0.0,0.0
10630.0,0.0,0.0,0.0,0.0
10635.0,0.0,0.0,0.0,0.0
10640.0,0.0,0.0,0.0,0.0
10645.0,0.0,0.0,0.0,0.0
10650.0,0.0,0.0,0.0,0.0
10655.0,0.0,0.0,0.0,0.0
10660.0,0.0,0.0,0.0,0.0
10665.0,0.0,0.0,0.0,0.0
10670.0,0.0,0.0,0.0,0.0
10675.0,0.0,0.0,0.0,0.0
10680.0,0.0,0.0,0.0,0.0
10685.0,0.0,0.0,0.0,0.0
10690.0,0.0,0.0,0.0,0.0
10695.0,0.0,0.0,0.0,0.0
10700.0,0.0,0.0,0.0,0.0
10705.0,0.0,0.0,0.0,0.0
10710.0,0.0,0.0,0.0,0.0
10715.0,0.0,0.0,0.0,0.0
10720.0,0.0,0.0,0.0,0.0
10725.0,0.0,0.0,0.0,0.0
10730.0,0.0,0.0,0.0,0.0
10735.0,0.0,0.0,0.0,0.0
10740.0,0.0,0.0,0.0,0.0
10745.0,0.0,0.0,0.0,0.0
10750.0,0.0,0.0,0.0,0.0
10755.0,0.0,0.0,0.0,0.0
10760.0,0.0,0.0,0.0,0.0
10765.0,0.0,0.0,0.0,0.0
10770.0,0.0,0.0,0.0,0.0
10775.0,0.0,0.0,0.0,0.0
10780.0,0.0,0.0,0.0,0.0
10785.0,0.0,0.0,0.0,0.0
10790.0,0.0,0.0,0.0,0.0
10795.0,0.0,0.0,0.0,0.0
10800.0,0.0,0.0,0.0,0.0
10805.0,0.0,0.0,0.0,0.0
10810.0,0.0,0.0,0.0,0.0
10815.0,0.0,0.0,0.0,0.0
10820.0,0.0,0.0,0.0,0.0
10825.0,0.0,0.0,0.0,0.0
10830.0,0.0,0.0,0.0,0.0
10835.0,0.0,0.0,0.0,0.0
10840.0,0.0,0.0,0.0,0.0
10845.0,0.0,0.0,0.0,0.0
10850.0,0.0,0.0,0.0,0.0
10855.0,0.0,0.0,0.0,0.0
10860.0,0.0,0.0,0.0,0.0
10865.0,0.0,0.0,0.0,0.0
10870.0,0.0,0.0,0.0,0.0
10875.0,0.0,0.0,0.0,0.0
10880.0,0.0,0.0,0.0,0.0
10885.0,0.0,0.0,0.0,0.0
10890.0,0.0,0.0,0.0,0.0
10895.0,0.0,0.0,0.0,0.0
10900.0,0.0,0.0,0.0,0.0
10905.0,0.0,0.0,0.0,0.0
10910.0,0.0,0.0,0.0,0.0
10915.0,0.0,0.0,0.0,0.0
10920.0,0.0,0.0,0.0,0.0
10925.0,0.0,0.0,0.0,0.0
10930.0,0.0,0.0,0.0,0.0
10935.0,0.0,0.0,0.0,0.0
10940.0,0.0,0.0,0.0,0.0
10945.0,0.0,0.0,0.0,0.0
10950.0,0.0,0.0,0.0,0.0
10955.0,0.0,0.0,0.0,0.0
10960.0,0.0,0.0,0.0,0.0
10965.0,0.0,0.0,0.0,0.0
10970.0,0.0,0.0,0.0,0.0
10975.0,0.0,0.0,0.0,0.0
10980.0,0.0,0.0,0.0,0.0
10985.0,0.0,0.0,0.0,0.0
10990.0,0.0,0.0,0.0,0.0
10995.0,0.0,0.0,0.0,0.0
11000.0,0.0,0.0,0.0,0.0
11005.0,0.0,0.0,0.0,0.0
11010.0,0.0,0.0,0.0,0.0
11015.0,0.0,0.0,0.0,0.0
11020.0,0.0,0.0,0.0,0.0
11025.0,0.0,0.0,0.0,0.0
11030.0,0.0,0.0,0.0,0.0
11035.0,0.0,0.0,0.0,0.0
11040.0,0.0,0.0,0.0,0.0
11045.0,0.0,0.0,0.0,0.0
11050.0,0.0,0.0,0.0,0.0
11055.0,0.0,0.0,0.0,0.0
11060.0,0.0,0.0,0.0,0.0
11065.0,0.0,0.0,0.0,0.0
11070.0,0.0,0.0,0.0,0.0
11075.0,0.0,0.0,0.0,0.0
11080.0,0.0,0.0,0.0,0.0
11085.0,0.0,0.0,0.0,0.0
11090.0,0.0,0.0,0.0,0.0
11095.0,0.0,0.0,0.0,0.0
11100.0,0.0,0.0,0.0,0.0
11105.0,0.0,0.0,0.0,0.0
11110.0,0.0,0.0,0.0,0.0
11115.0,0.0,0.0,0.0,0.0
11120.0,0.0,0.0,0.0,0.0
11125.0,0.0,0.0,0.0,0.0
11130.0,0.0,0.0,0.0,0.0
11135.0,0.0,0.0,0.0,0.0
11140.0,0.0,0.0,0.0,0.0
11145.0,0.0,0.0,0.0,0.0
11150.0,0.0,0.0,0.0,0.0
11155.0,0.0,0.0,0.0,0.0
11160.0,0.0,0.0,0.0,0.0
11165.0,0.0,0.0,0.0,0.0
11170.0,0.0,0.0,0.0,0.0
11175.0,0.0,0.0,0.0,0.0
11180.0,0.0,0.0,0.0,0.0
11185.0,0.0,0.0,0.0,0.0
11190.0,0.0,0.0,0.0,0.0
11195.0,0.0,0.0,0.0,0.0
11200.0,0.0,0.0,0.0,0.0
11205.0,0.0,0.0,0.0,0.0
11210.0,0.0,0.0,0.0,0.0
11215.0,0.0,0.0,0.0,0.0
11220.0,0.0,0.0,0.0,0.0
11225.0,0.0,0.0,0.0,0.0
11230.0,0.0,0.0,0.0,0.0
11235.0,0.0,0.0,0.0,0.0
11240.0,0.0,0.0,0.0,0.0
11245.0,0.0,0.0,0.0,0.0
11250.0,0.0,0.0,0.0,0.0
11255.0,0.0,0.0,0.0,0.0
11260.0,0.0,0.0,0.0,0.0
11265.0,0.0,0.0,0.0,0.0
11270.0,0.0,0.0,0.0,0.0
11275.0,0.0,0.0,0.0,0.0
11280.0,0.0,0.0,0.0,0.0
11285.0,0.0,0.0,0.0,0.0
11290.0,0.0,0.0,0.0,0.0
11295.0,0.0,0.0,0.0,0.0
11300.0,0.0,0.0,0.0,0.0
11305.0,0.0,0.0,0.0,0.0
11310.0,0.0,0.0,0.0,0.0
11315.0,0.0,0.0,0.0,0.0
11320.0,0.0,0.0,0.0,0.0
11325.0,0.0,0.0,0.0,0.0
11330.0,0.0,0.0,0.0,0.0
11335.0,0.0,0.0,0.0,0.0
11340.0,0.0,0.0,0.0,0.0
11345.0,0.0,0.0,0.0,0.0
11350.0,0.0,0.0,0.0,0.0
11355.0,0.0,0.0,0.0,0.0
11360.0,0.0,0.0,0.0,0.0
11365.0,0.0,0.0,0.0,0.0
11370.0,0.0,0.0,0.0,0.0
11375.0,0.0,0.0,0.0,0.0
11380.0,0.0,0.0,0.0,0.0
11385.0,0.0,0.0,0.0,0.0
11390.0,0.0,0.0,0.0,0.0
11395.0,0.0,0.0,0.0,0.0
11400.0,0.0,0.0,0.0,0.0
11405.0,0.0,0.0,0.0,0.0
11410.0,0.0,0.0,0.0,0.0
11415.0,0.0,0.0,0.0,0.0
11420.0,0.0,0.0,0.0,0.0
11425.0,0.0,0.0,0.0,0.0
11430.0,0.0,0.0,0.0,0.0
11435.0,0.0,0.0,0.0,0.0
11440.0,0.0,0.0,0.0,0.0
11445.0,0.0,0.0,0.0,0.0
11450.0,0.0,0.0,0.0,0.0
11455.0,0.0,0.0,0.0,0.0
11460.0,0.0,0.0,0.0,0.0
11465.0,0.0,0.0,0.0,0.0
11470.0,0.0,0.0,0.0,0.0
11475.0,0.0,0.0,0.0,0.0
11480.0,0.0,0.0,0.0,0.0
11485.0,0.0,0.0,0.0,0.0
11490.0,0.0,0.0,0.0,0.0
11495.0,0.0,0.0,0.0,0.0
11500.0,0.0,0.0,0.0,0.0
11505.0,0.0,0.0,0.0,0.0
11510.0,0.0,0.0,0.0,0.0
11515.0,0.0,0.0,0.0,0.0
11520.0,0.0,0.0,0.0,0.0
11525.0,0.0,0.0,0.0,0.0
11530.0,0.0,0.0,0.0,0.0
11535.0,0.0,0.0,0.0,0.0
11540.0,0.0,0.0,0.0,0.0
11545.0,0.0,0.0,0.0,0.0
11550.0,0.0,0.0,0.0,0.0
11555.0,0.0,0.0,0.0,0.0
11560.0,0.0,0.0,0.0,0.0
11565.0,0.0,0.0,0.0,0.0
11570.0,0.0,0.0,0.0,0.0
11575.0,0.0,0.0,0.0,0.0
11580.0,0.0,0.0,0.0,0.0
11585.0,0.0,0.0,0.0,0.0
11590.0,0.0,0.0,0.0,0.0
11595.0,0.0,0.0,0.0,0.0
11600.0,0.0,0.0,0.0,0.0
11605.0,0.0,0.0,0.0,0.0
11610.0,0.0,0.0,0.0,0.0
11615.0,0.0,0.0,0.0,0.0
11620.0,0.0,0.0,0.0,0.0
11625.0,0.0,0.0,0.0,0.0
11630.0,0.0,0.0,0.0,0.0
11635.0,0.0,0.0,0.0,0.0
11640.0,0.0,0.0,0.0,0.0
11645.0,0.0,0.0,0.0,0.0
11650.0,0.0,0.0,0.0,0.0
11655.0,0.0,0.0,0.0,0.0
11660.0,0.0,0.0,0.0,0.0
11665.0,0.0,0.0,0.0,0.0
11670.0,0.0,0.0,0.0,0.0
11675.0,0.0,0.0,0.0,0.0
11680.0,0.0,0.0,0.0,0.0
11685.0,0.0,0.0,0.0,0.0
11690.0,0.0,0.0,0.0,0.0
11695.0,0.0,0.0,0.0,0.0
11700.0,0.0,0.0,0.0,0.0
11705.0,0.0,0.0,0.0,0.0
11710.0,0.0,0.0,0.0,0.0
11715.0,0.0,0.0,0.0,0.0
11720.0,0.0,0.0,0.0,0.0
11725.0,0.0,0.0,0.0,0.0
11730.0,0.0,0.0,0.0,0.0
11735.0,0.0,0.0,0.0,0.0
11740.0,0.0,0.0,0.0,0.0
11745.0,0.0,0.0,0.0,0.0
11750.0,0.0,0.0,0.0,0.0
11755.0,0.0,0.0,0.0,0.0
11760.0,0.0,0.0,0.0,0.0
11765.0,0.0,0.0,0.0,0.0
11770.0,0.0,0.0,0.0,0.0
11775.0,0.0,0.0,0.0,0.0
11780.0,0.0,0.0,0.0,0.0
11785.0,0.0,0.0,0.0,0.0
11790.0,0.0,0.0,0.0,0.0
11795.0,0.0,0.0,0.0,0.0
11800.0,0.0,0.0,0.0,0.0
11805.0,0.0,0.0,0.0,0.0
11810.0,0.0,0.0,0.0,0.0
11815.0,0.0,0.0,0.0,0.0
11820.0,0.0,0.0,0.0,0.0
11825.0,0.0,0.0,0.0,0.0
11830.0,0.0,0.0,0.0,0.0
11835.0,0.0,0.0,0.0,0.0
11840.0,0.0,0.0,0.0,0.0
11845.0,0.0,0.0,0.0,0.0
11850.0,0.0,0.0,0.0,0.0
11855.0,0.0,0.0,0.0,0.0
11860.0,0.0,0.0,0.0,0.0
11865.0,0.0,0.0,0.0,0.0
11870.0,0.0,0.0,0.0,0.0
11875.0,0.0,0.0,0.0,0.0
11880.0,0.0,0.0,0.0,0.0
11885.0,0.0,0.0,0.0,0.0
11890.0,0.0,0.0,0.0,0.0
11895.0,0.0,0.0,0.0,0.0
11900.0,0.0,0.0,0.0,0.0
11905.0,0.0,0.0,0.0,0.0
11910.0,0.0,0.0,0.0,0.0
11915.0,0.0,0.0,0.0,0.0
11920.0,0.0,0.0,0.0,0.0
11925.0,0.0,0.0,0.0,0.0
11930.0,0.0,0.0,0.0,0.0
11935.0,0.0,0.0,0.0,0.0
11940.0,0.0,0.0,0.0,0.0
11945.0,0.0,0.0,0.0,0.0
11950.0,0.0,0.0,0.0,0.0
11955.0,0.0,0.0,0.0,0.0
11960.0,0.0,0.0,0.0,0.0
11965.0,0.0,0.0,0.0,0.0
11970.0,0.0,0.0,0.0,0.0
11975.0,0.0,0.0,0.0,0.0
11980.0,0.0,0.0,0.0,0.0
11985.0,0.0,0.0,0.0,0.0
11990.0,0.0,0.0,0.0,0.0
11995.0,0.0,0.0,0.0,0.0
12000.0,0.0,0.0,0.0,0.0
12005.0,0.0,0.0,0.0,0.0
12010.0,0.0,0.0,0.0,0.0
12015.0,0.0,0.0,0.0,0.0
12020.0,0.0,0.0,0.0,0.0
12025.0,0.0,0.0,0.0,0.0
12030.0,0.0,0.0,0.0,0.0
12035.0,0.0,0.0,0.0,0.0
12040.0,0.0,0.0,0.0,0.0
12045.0,0.0,0.0,0.0,0.0
12050.0,0.0,0.0,0.0,0.0
12055.0,0.0,0.0,0.0,0.0
12060.0,0.0,0.0,0.0,0.0
12065.0,0.0,0.0,0.0,0.0
12070.0,0.0,0.0,0.0,0.0
12075.0,0.0,0.0,0.0,0.0
12080.0,0.0,0.0,0.0,0.0
12085.0,0.0,0.0,0.0,0.0
12090.0,0.0,0.0,0.0,0.0
12095.0,0.0,0.0,0.0,0.0
12100.0,0.0,0.0,0.0,0.0
12105.0,0.0,0.0,0.0,0.0
12110.0,0.0,0.0,0.0,0.0
12115.0,0.0,0.0,0.0,0.0
12120.0,0.0,0.0,0.0,0.0
12125.0,0.0,0.0,0.0,0.0
12130.0,0.0,0.0,0.0,0.0
12135.0,0.0,0.0,0.0,0.0
12140.0,0.0,0.0,0.0,0.0
12145.0,0.0,0.0,0.0,0.0
12150.0,0.0,0.0,0.0,0.0
12155.0,0.0,0.0,0.0,0.0
12160.0,0.0,0.0,0.0,0.0
12165.0,0.0,0.0,0.0,0.0
12170.0,0.0,0.0,0.0,0.0
12175.0,0.0,0.0,0.0,0.0
12180.0,0.0,0.0,0.0,0.0
12185.0,0.0,0.0,0.0,0.0
12190.0,0.0,0.0,0.0,0.0
12195.0,0.0,0.0,0.0,0.0
12200.0,0.0,0.0,0.0,0.0
12205.0,0.0,0.0,0.0,0.0
12210.0,0.0,0.0,0.0,0.0
12215.0,0.0,0.0,0.0,0.0
12220.0,0.0,0.0,0.0,0.0
12225.0,0.0,0.0,0.0,0.0
12230.0,0.0,0.0,0.0,0.0
12235.0,0.0,0.0,0.0,0.0
12240.0,0.0,0.0,0.0,0.0
12245.0,0.0,0.0,0.0,0.0
12250.0,0.0,0.0,0.0,0.0
12255.0,0.0,0.0,0.0,0.0
12260.0,0.0,0.0,0.0,0.0
12265.0,0.0,0.0,0.0,0.0
12270.0,0.0,0.0,0.0,0.0
12275.0,0.0,0.0,0.0,0.0
12280.0,0.0,0.0,0.0,0.0
12285.0,0.0,0.0,0.0,0.0
12290.0,0.0,0.0,0.0,0.0
12295.0,0.0,0.0,0.0,0.0
12300.0,0.0,0.0,0.0,0.0
12305.0,0.0,0.0,0.0,0.0
12310.0,0.0,0.0,0.0,0.0
12315.0,0.0,0.0,0.0,0.0
12320.0,0.0,0.0,0.0,0.0
12325.0,0.0,0.0,0.0,0.0
12330.0,0.0,0.0,0.0,0.0
12335.0,0.0,0.0,0.0,0.0
12340.0,0.0,0.0,0.0,0.0
12345.0,0.0,0.0,0.0,0.0
12350.0,0.0,0.0,0.0,0.0
12355.0,0.0,0.0,0.0,0.0
12360.0,0.0,0.0,0.0,0.0
12365.0,0.0,0.0,0.0,0.0
12370.0,0.0,0.0,0.0,0.0
12375.0,0.0,0.0,0.0,0.0
12380.0,0.0,0.0,0.0,0.0
12385.0,0.0,0.0,0.0,0.0
12390.0,0.0,0.0,0.0,0.0
12395.0,0.0,0.0,0.0,0.0
12400.0,0.0,0.0,0.0,0.0
12405.0,0.0,0.0,0.0,0.0
12410.0,0.0,0.0,0.0,0.0
12415.0,0.0,0.0,0.0,0.0
12420.0,0.0,0.0,0.0,0.0
12425.0,0.0,0.0,0.0,0.0
12430.0,0.0,0.0,0.0,0.0
12435.0,0.0,0.0,0.0,0.0
12440.0,0.0,0.0,0.0,0.0
12445.0,0.0,0.0,0.0,0.0
12450.0,0.0,0.0,0.0,0.0
12455.0,0.0,0.0,0.0,0.0
12460.0,0.0,0.0,0.0,0.0
12465.0,0.0,0.0,0.0,0.0
12470.0,0.0,0.0,0.0,0.0
12475.0,0.0,0.0,0.0,0.0
12480.0,0.0,0.0,0.0,0.0
12485.0,0.0,0.0,0.0,0.0
12490.0,0.0,0.0,0.0,0.0
12495.0,0.0,0.0,0.0,0.0
12500.0,0.0,0.0,0.0,0.0
12505.0,0.0,0.0,0.0,0.0
12510.0,0.0,0.0,0.0,0.0
12515.0,0.0,0.0,0.0,0.0
12520.0,0.0,0.0,0.0,0.0
12525.0,0.0,0.0,0.0,0.0
12530.0,0.0,0.0,0.0,0.0
12535.0,0.0,0.0,0.0,0.0
12540.0,0.0,0.0,0.0,0.0
12545.0,0.0,0.0,0.0,0.0
12550.0,0.0,0.0,0.0,0.0
12555.0,0.0,0.0,0.0,0.0
12560.0,0.0,0.0,0.0,0.0
12565.0,0.0,0.0,0.0,0.0
12570.0,0.0,0.0,0.0,0.0
12575.0,0.0,0.0,0.0,0.0
12580.0,0.0,0.0,0.0,0.0
12585.0,0.0,0.0,0.0,0.0
12590.0,0.0,0.0,0.0,0.0
12595.0,0.0,0.0,0.0,0.0
12600.0,0.0,0.0,0.0,0.0
12605.0,0.0,0.0,0.0,0.0
12610.0,0.0,0.0,0.0,0.0
12615.0,0.0,0.0,0.0,0.0
12620.0,0.0,0.0,0.0,0.0
12625.0,0.0,0.0,0.0,0.0
12630.0,0.0,0.0,0.0,0.0
12635.0,0.0,0.0,0.0,0.0
12640.0,0.0,0.0,0.0,0.0
12645.0,0.0,0.0,0.0,0.0
12650.0,0.0,0.0,0.0,0.0
12655.0,0.0,0.0,0.0,0.0
12660.0,0.0,0.0,0.0,0.0
12665.0,0.0,0.0,0.0,0.0
12670.0,0.0,0.0,0.0,0.0
12675.0,0.0,0.0,0.0,0.0
12680.0,0.0,0.0,0.0,0.0
12685.0,0.0,0.0,0.0,0.0
12690.0,0.0,0.0,0.0,0.0
12695.0,0.0,0.0,0.0,0.0
12700.0,0.0,0.0,0.0,0.0
12705.0,0.0,0.0,0.0,0.0
12710.0,0.0,0.0,0.0,0.0
12715.0,0.0,0.0,0.0,0.0
12720.0,0.0,0.0,0.0,0.0
12725.0,0.0,0.0,0.0,0.0
12730.0,0.0,0.0,0.0,0.0
12735.0,0.0,0.0,0.0,0.0
12740.0,0.0,0.0,0.0,0.0
12745.0,0.0,0.0,0.0,0.0
12750.0,0.0,0.0,0.0,0.0
12755.0,0.0,0.0,0.0,0.0
12760.0,0.0,0.0,0.0,0.0
12765.0,0.0,0.0,0.0,0.0
12770.0,0.0,0.0,0.0,0.0
12775.0,0.0,0.0,0.0,0.0
12780.0,0.0,0.0,0.0,0.0
12785.0,0.0,0.0,0.0,0.0
12790.0,0.0,0.0,0.0,0.0
12795.0,0.0,0.0,0.0,0.0
12800.0,0.0,0.0,0.0,0.0
12805.0,0.0,0.0,0.0,0.0
12810.0,0.0,0.0,0.0,0.0
12815.0,0.0,0.0,0.0,0.0
12820.0,0.0,0.0,0.0,0.0
12825.0,0.0,0.0,0.0,0.0
12830.0,0.0,0.0,0.0,0.0
12835.0,0.0,0.0,0.0,0.0
12840.0,0.0,0.0,0.0,0.0
12845.0,0.0,0.0,0.0,0.0
12850.0,0.0,0.0,0.0,0.0
12855.0,0.0,0.0,0.0,0.0
12860.0,0.0,0.0,0.0,0.0
12865.0,0.0,0.0,0.0,0.0
12870.0,0.0,0.0,0.0,0.0
12875.0,0.0,0.0,0.0,0.0
12880.0,0.0,0.0,0.0,0.0
12885.0,0.0,0.0,0.0,0.0
12890.0,0.0,0.0,0.0,0.0
12895.0,0.0,0.0,0.0,0.0
12900.0,0.0,0.0,0.0,0.0
12905.0,0.0,0.0,0.0,0.0
12910.0,0.0,0.0,0.0,0.0
12915.0,0.0,0.0,0.0,0.0
12920.0,0.0,0.0,0.0,0.0
12925.0,0.0,0.0,0.0,0.0
12930.0,0.0,0.0,0.0,0.0
12935.0,0.0,0.0,0.0,0.0
12940.0,0.0,0.0,0.0,0.0
12945.0,0.0,0.0,0.0,0.0
12950.0,0.0,0.0,0.0,0.0
12955.0,0.0,0.0,0.0,0.0
12960.0,0.0,0.0,0.0,0.0
12965.0,0.0,0.0,0.0,0.0
12970.0,0.0,0.0,0.0,0.0
12975.0,0.0,0.0,0.0,0.0
12980.0,0.0,0.0,0.0,0.0
12985.0,0.0,0.0,0.0,0.0
12990.0,0.0,0.0,0.0,0.0
12995.0,0.0,0.0,0.0,0.0
13000.0,0.0,0.0,0.0,0.0
13005.0,0.0,0.0,0.0,0.0
13010.0,0.0,0.0,0.0,0.0
13015.0,0.0,0.0,0.0,0.0
13020.0,0.0,0.0,0.0,0.0
13025.0,0.0,0.0,0.0,0.0
13030.0,0.0,0.0,0.0,0.0
13035.0,0.0,0.0,0.0,0.0
13040.0,0.0,0.0,0.0,0.0
13045.0,0.0,0.0,0.0,0.0
13050.0,0.0,0.0,0.0,0.0
13055.0,0.0,0.0,0.0,0.0
13060.0,0.0,0.0,0.0,0.0
13065.0,0.0,0.0,0.0,0.0
13070.0,0.0,0.0,0.0,0.0
13075.0,0.0,0.0,0.0,0.0
13080.0,0.0,0.0,0.0,0.0
13085.0,0.0,0.0,0.0,0.0
13090.0,0.0,0.0,0.0,0.0
13095.0,0.0,0.0,0.0,0.0
13100.0,0.0,0.0,0.0,0.0
13105.0,0.0,0.0,0.0,0.0
13110.0,0.0,0.0,0.0,0.0
13115.0,0.0,0.0,0.0,0.0
13120.0,0.0,0.0,0.0,0.0
13125.0,0.0,0.0,0.0,0.0
13130.0,0.0,0.0,0.0,0.0
13135.0,0.0,0.0,0.0,0.0
13140.0,0.0,0.0,0.0,0.0
13145.0,0.0,0.0,0.0,0.0
13150.0,0.0,0.0,0.0,0.0
13155.0,0.0,0.0,0.0,0.0
13160.0,0.0,0.0,0.0,0.0
13165.0,0.0,0.0,0.0,0.0
13170.0,0.0,0.0,0.0,0.0
13175.0,0.0,0.0,0.0,0.0
13180.0,0.0,0.0,0.0,0.0
13185.0,0.0,0.0,0.0,0.0
13190.0,0.0,0.0,0.0,0.0
13195.0,0.0,0.0,0.0,0.0
13200.0,0.0,0.0,0.0,0.0
13205.0,0.0,0.0,0.0,0.0
13210.0,0.0,0.0,0.0,0.0
13215.0,0.0,0.0,0.0,0.0
13220.0,0.0,0.0,0.0,0.0
13225.0,0.0,0.0,0.0,0.0
13230.0,0.0,0.0,0.0,0.0
13235.0,0.0,0.0,0.0,0.0
13240.0,0.0,0.0,0.0,0.0
13245.0,0.0,0.0,0.0,0.0
13250.0,0.0,0.0,0.0,0.0
13255.0,0.0,0.0,0.0,0.0
13260.0,0.0,0.0,0.0,0.0
13265.0,0.0,0.0,0.0,0.0
13270.0,0.0,0.0,0.0,0.0
13275.0,0.0,0.0,0.0,0.0
13280.0,0.0,0.0,0.0,0.0
13285.0,0.0,0.0,0.0,0.0
13290.0,0.0,0.0,0.0,0.0
13295.0,0.0,0.0,0.0,0.0
13300.0,0.0,0.0,0.0,0.0
13305.0,0.0,0.0,0.0,0.0
13310.0,0.0,0.0,0.0,0.0
13315.0,0.0,0.0,0.0,0.0
13320.0,0.0,0.0,0.0,0.0
13325.0,0.0,0.0,0.0,0.0
13330.0,0.0,0.0,0.0,0.0
13335.0,0.0,0.0,0.0,0.0
13340.0,0.0,0.0,0.0,0.0
13345.0,0.0,0.0,0.0,0.0
13350.0,0.0,0.0,0.0,0.0
13355.0,0.0,0.0,0.0,0.0
13360.0,0.0,0.0,0.0,0.0
13365.0,0.0,0.0,0.0,0.0
13370.0,0.0,0.0,0.0,0.0
13375.0,0.0,0.0,0.0,0.0
13380.0,0.0,0.0,0.0,0.0
13385.0,0.0,0.0,0.0,0.0
13390.0,0.0,0.0,0.0,0.0
13395.0,0.0,0.0,0.0,0.0
13400.0,0.0,0.0,0.0,0.0
13405.0,0.0,0.0,0.0,0.0
13410.0,0.0,0.0,0.0,0.0
13415.0,0.0,0.0,0.0,0.0
13420.0,0.0,0.0,0.0,0.0
13425.0,0.0,0.0,0.0,0.0
13430.0,0.0,0.0,0.0,0.0
13435.0,0.0,0.0,0.0,0.0
13440.0,0.0,0.0,0.0,0.0
13445.0,0.0,0.0,0.0,0.0
13450.0,0.0,0.0,0.0,0.0
13455.0,0.0,0.0,0.0,0.0
13460.0,0.0,0.0,0.0,0.0
13465.0,0.0,0.0,0.0,0.0
13470.0,0.0,0.0,0.0,0.0
13475.0,0.0,0.0,0.0,0.0
13480.0,0.0,0.0,0.0,0.0
13485.0,0.0,0.0,0.0,0.0
13490.0,0.0,0.0,0.0,0.0
13495.0,0.0,0.0,0.0,0.0
13500.0,0.0,0.0,0.0,0.0
13505.0,0.0,0.0,0.0,0.0
13510.0,0.0,0.0,0.0,0.0
13515.0,0.0,0.0,0.0,0.0
13520.0,0.0,0.0,0.0,0.0
13525.0,0.0,0.0,0.0,0.0
13530.0,0.0,0.0,0.0,0.0
13535.0,0.0,0.0,0.0,0.0
13540.0,0.0,0.0,0.0,0.0
13545.0,0.0,0.0,0.0,0.0
13550.0,0.0,0.0,0.0,0.0
13555.0,0.0,0.0,0.0,0.0
13560.0,0.0,0.0,0.0,0.0
13565.0,0.0,0.0,0.0,0.0
13570.0,0.0,0.0,0.0,0.0
13575.0,0.0,0.0,0.0,0.0
13580.0,0.0,0.0,0.0,0.0
13585.0,0.0,0.0,0.0,0.0
13590.0,0.0,0.0,0.0,0.0
13595.0,0.0,0.0,0.0,0.0
13600.0,0.0,0.0,0.0,0.0
13605.0,0.0,0.0,0.0,0.0
13610.0,0.0,0.0,0.0,0.0
13615.0,0.0,0.0,0.0,0.0
13620.0,0.0,0.0,0.0,0.0
13625.0,0.0,0.0,0.0,0.0
13630.0,0.0,0.0,0.0,0.0
13635.0,0.0,0.0,0.0,0.0
13640.0,0.0,0.0,0.0,0.0
13645.0,0.0,0.0,0.0,0.0
13650.0,0.0,0.0,0.0,0.0
13655.0,0.0,0.0,0.0,0.0
13660.0,0.0,0.0,0.0,0.0
13665.0,0.0,0.0,0.0,0.0
13670.0,0.0,0.0,0.0,0.0
13675.0,0.0,0.0,0.0,0.0
13680.0,0.0,0.0,0.0,0.0
13685.0,0.0,0.0,0.0,0.0
13690.0,0.0,0.0,0.0,0.0
13695.0,0.0,0.0,0.0,0.0
13700.0,0.0,0.0,0.0,0.0
13705.0,0.0,0.0,0.0,0.0
13710.0,0.0,0.0,0.0,0.0
13715.0,0.0,0.0,0.0,0.0
13720.0,0.0,0.0,0.0,0.0
13725.0,0.0,0.0,0.0,0.0
13730.0,0.0,0.0,0.0,0.0
13735.0,0.0,0.0,0.0,0.0
13740.0,0.0,0.0,0.0,0.0
13745.0,0.0,0.0,0.0,0.0
13750.0,0.0,0.0,0.0,0.0
13755.0,0.0,0.0,0.0,0.0
13760.0,0.0,0.0,0.0,0.0
13765.0,0.0,0.0,0.0,0.0
13770.0,0.0,0.0,0.0,0.0
13775.0,0.0,0.0,0.0,0.0
13780.0,0.0,0.0,0.0,0.0
13785.0,0.0,0.0,0.0,0.0
13790.0,0.0,0.0,0.0,0.0
13795.0,0.0,0.0,0.0,0.0
13800.0,0.0,0.0,0.0,0.0
13805.0,0.0,0.0,0.0,0.0
13810.0,0.0,0.0,0.0,0.0
13815.0,0.0,0.0,0.0,0.0
13820.0,0.0,0.0,0.0,0.0
13825.0,0.0,0.0,0.0,0.0
13830.0,0.0,0.0,0.0,0.0
13835.0,0.0,0.0,0.0,0.0
13840.0,0.0,0.0,0.0,0.0
13845.0,0.0,0.0,0.0,0.0
13850.0,0.0,0.0,0.0,0.0
13855.0,0.0,0.0,0.0,0.0
13860.0,0.0,0.0,0.0,0.0
13865.0,0.0,0.0,0.0,0.0
13870.0,0.0,0.0,0.0,0.0
13875.0,0.0,0.0,0.0,0.0
13880.0,0.0,0.0,0.0,0.0
13885.0,0.0,0.0,0.0,0.0
13890.0,0.0,0.0,0.0,0.0
13895.0,0.0,0.0,0.0,0.0
13900.0,0.0,0.0,0.0,0.0
13905.0,0.0,0.0,0.0,0.0
13910.0,0.0,0.0,0.0,0.0
13915.0,0.0,0.0,0.0,0.0
13920.0,0.0,0.0,0.0,0.0
13925.0,0.0,0.0,0.0,0.0
13930.0,0.0,0.0,0.0,0.0
13935.0,0.0,0.0,0.0,0.0
13940.0,0.0,0.0,0.0,0.0
13945.0,0.0,0.0,0.0,0.0
13950.0,0.0,0.0,0.0,0.0
13955.0,0.0,0.0,0.0,0.0
13960.0,0.0,0.0,0.0,0.0
13965.0,0.0,0.0,0.0,0.0
13970.0,0.0,0.0,0.0,0.0
13975.0,0.0,0.0,0.0,0.0
13980.0,0.0,0.0,0.0,0.0
13985.0,0.0,0.0,0.0,0.0
13990.0,0.0,0.0,0.0,0.0
13995.0,0.0,0.0,0.0,0.0
14000.0,0.0,0.0,0.0,0.0
14005.0,0.0,0.0,0.0,0.0
14010.0,0.0,0.0,0.0,0.0
14015.0,0.0,0.0,0.0,0.0
14020.0,0.0,0.0,0.0,0.0
14025.0,0.0,0.0,0.0,0.0
14030.0,0.0,0.0,0.0,0.0
14035.0,0.0,0.0,0.0,0.0
14040.0,0.0,0.0,0.0,0.0
14045.0,0.0,0.0,0.0,0.0
14050.0,0.0,0.0,0.0,0.0
14055.0,0.0,0.0,0.0,0.0
14060.0,0.0,0.0,0.0,0.0
14065.0,0.0,0.0,0.0,0.0
14070.0,0.0,0.0,0.0,0.0
14075.0,0.0,0.0,0.0,0.0
14080.0,0.0,0.0,0.0,0.0
14085.0,0.0,0.0,0.0,0.0
14090.0,0.0,0.0,0.0,0.0
14095.0,0.0,0.0,0.0,0.0
14100.0,0.0,0.0,0.0,0.0
14105.0,0.0,0.0,0.0,0.0
14110.0,0.0,0.0,0.0,0.0
14115.0,0.0,0.0,0.0,0.0
14120.0,0.0,0.0,0.0,0.0
14125.0,0.0,0.0,0.0,0.0
14130.0,0.0,0.0,0.0,0.0
14135.0,0.0,0.0,0.0,0.0
14140.0,0.0,0.0,0.0,0.0
14145.0,0.0,0.0,0.0,0.0
14150.0,0.0,0.0,0.0,0.0
14155.0,0.0,0.0,0.0,0.0
14160.0,0.0,0.0,0.0,0.0
14165.0,0.0,0.0,0.0,0.0
14170.0,0.0,0.0,0.0,0.0
14175.0,0.0,0.0,0.0,0.0
14180.0,0.0,0.0,0.0,0.0
14185.0,0.0,0.0,0.0,0.0
14190.0,0.0,0.0,0.0,0.0
14195.0,0.0,0.0,0.0,0.0
14200.0,0.0,0.0,0.0,0.0
14205.0,0.0,0.0,0.0,0.0
14210.0,0.0,0.0,0.0,0.0
14215.0,0.0,0.0,0.0,0.0
14220.0,0.0,0.0,0.0,0.0
14225.0,0.0,0.0,0.0,0.0
14230.0,0.0,0.0,0.0,0.0
14235.0,0.0,0.0,0.0,0.0
14240.0,0.0,0.0,0.0,0.0
14245.0,0.0,0.0,0.0,0.0
14250.0,0.0,0.0,0.0,0.0
14255.0,0.0,0.0,0.0,0.0
14260.0,0.0,0.0,0.0,0.0
14265.0,0.0,0.0,0.0,0.0
14270.0,0.0,0.0,0.0,0.0
14275.0,0.0,0.0,0.0,0.0
14280.0,0.0,0.0,0.0,0.0
14285.0,0.0,0.0,0.0,0.0
14290.0,0.0,0.0,0.0,0.0
14295.0,0.0,0.0,0.0,0.0
14300.0,0.0,0.0,0.0,0.0
14305.0,0.0,0.0,0.0,0.0
14310.0,0.0,0.0,0.0,0.0
14315.0,0.0,0.0,0.0,0.0
14320.0,0.0,0.0,0.0,0.0
14325.0,0.0,0.0,0.0,0.0
14330.0,0.0,0.0,0.0,0.0
14335.0,0.0,0.0,0.0,0.0
14340.0,0.0,0.0,0.0,0.0
14345.0,0.0,0.0,0.0,0.0
14350.0,0.0,0.0,0.0,0.0
14355.0,0.0,0.0,0.0,0.0
14360.0,0.0,0.0,0.0,0.0
14365.0,0.0,0.0,0.0,0.0
14370.0,0.0,0.0,0.0,0.0
14375.0,0.0,0.0,0.0,0.0
14380.0,0.0,0.0,0.0,0.0
14385.0,0.0,0.0,0.0,0.0
14390.0,0.0,0.0,0.0,0.0
14395.0,0.0,0.0,0.0,0.0
14400.0,0.0,0.0,0.0,0.0
14405.0,0.0,0.0,0.0,0.0
14410.0,0.0,0.0,0.0,0.0
14415.0,0.0,0.0,0.0,0.0
14420.0,0.0,0.0,0.0,0.0
14425.0,0.0,0.0,0.0,0.0
14430.0,0.0,0.0,0.0,0.0
14435.0,0.0,0.0,0.0,0.0
14440.0,0.0,0.0,0.0,0.0
14445.0,0.0,0.0,0.0,0.0
14450.0,0.0,0.0,0.0,0.0
14455.0,0.0,0.0,0.0,0.0
14460.0,0.0,0.0,0.0,0.0
14465.0,0.0,0.0,0.0,0.0
14470.0,0.0,0.0,0.0,0.0
14475.0,0.0,0.0,0.0,0.0
14480.0,0.0,0.0,0.0,0.0
14485.0,0.0,0.0,0.0,0.0
14490.0,0.0,0.0,0.0,0.0
14495.0,0.0,0.0,0.0,0.0
14500.0,0.0,0.0,0.0,0.0
14505.0,0.0,0.0,0.0,0.0
14510.0,0.0,0.0,0.0,0.0
14515.0,0.0,0.0,0.0,0.0
14520.0,0.0,0.0,0.0,0.0
14525.0,0.0,0.0,0.0,0.0
14530.0,0.0,0.0,0.0,0.0
14535.0,0.0,0.0,0.0,0.0
14540.0,0.0,0.0,0.0,0.0
14545.0,0.0,0.0,0.0,0.0
14550.0,0.0,0.0,0.0,0.0
14555.0,0.0,0.0,0.0,0.0
14560.0,0.0,0.0,0.0,0.0
14565.0,0.0,0.0,0.0,0.0
14570.0,0.0,0.0,0.0,0.0
14575.0,0.0,0.0,0.0,0.0
14580.0,0.0,0.0,0.0,0.0
14585.0,0.0,0.0,0.0,0.0
14590.0,0.0,0.0,0.0,0.0
14595.0,0.0,0.0,0.0,0.0
14600.0,0.0,0.0,0.0,0.0
14605.0,0.0,0.0,0.0,0.0
14610.0,0.0,0.0,0.0,0.0
14615.0,0.0,0.0,0.0,0.0
14620.0,0.0,0.0,0.0,0.0
14625.0,0.0,0.0,0.0,0.0
14630.0,0.0,0.0,0.0,0.0
14635.0,0.0,0.0,0.0,0.0
14640.0,0.0,0.0,0.0,0.0
14645.0,0.0,0.0,0.0,0.0
14650.0,0.0,0.0,0.0,0.0
14655.0,0.0,0.0,0.0,0.0
14660.0,0.0,0.0,0.0,0.0
14665.0,0.0,0.0,0.0,0.0
14670.0,0.0,0.0,0.0,0.0
14675.0,0.0,0.0,0.0,0.0
14680.0,0.0,0.0,0.0,0.0
14685.0,0.0,0.0,0.0,0.0
14690.0,0.0,0.0,0.0,0.0
14695.0,0.0,0.0,0.0,0.0
14700.0,0.0,0.0,0.0,0.0
14705.0,0.0,0.0,0.0,0.0
14710.0,0.0,0.0,0.0,0.0
14715.0,0.0,0.0,0.0,0.0
14720.0,0.0,0.0,0.0,0.0
14725.0,0.0,0.0,0.0,0.0
14730.0,0.0,0.0,0.0,0.0
14735.0,0.0,0.0,0.0,0.0
14740.0,0.0,0.0,0.0,0.0
14745.0,0.0,0.0,0.0,0.0
14750.0,0.0,0.0,0.0,0.0
14755.0,0.0,0.0,0.0,0.0
14760.0,0.0,0.0,0.0,0.0
14765.0,0.0,0.0,0.0,0.0
14770.0,0.0,0.0,0.0,0.0
14775.0,0.0,0.0,0.0,0.0
14780.0,0.0,0.0,0.0,0.0
14785.0,0.0,0.0,0.0,0.0
14790.0,0.0,0.0,0.0,0.0
14795.0,0.0,0.0,0.0,0.0
14800.0,0.0,0.0,0.0,0.0
14805.0,0.0,0.0,0.0,0.0
14810.0,0.0,0.0,0.0,0.0
14815.0,0.0,0.0,0.0,0.0
14820.0,0.0,0.0,0.0,0.0
14825.0,0.0,0.0,0.0,0.0
14830.0,0.0,0.0,0.0,0.0
14835.0,0.0,0.0,0.0,0.0
14840.0,0.0,0.0,0.0,0.0
14845.0,0.0,0.0,0.0,0.0
14850.0,0.0,0.0,0.0,0.0
14855.0,0.0,0.0,0.0,0.0
14860.0,0.0,0.0,0.0,0.0
14865.0,0.0,0.0,0.0,0.0
14870.0,0.0,0.0,0.0,0.0
14875.0,0.0,0.0,0.0,0.0
14880.0,0.0,0.0,0.0,0.0
14885.0,0.0,0.0,0.0,0.0
14890.0,0.0,0.0,0.0,0.0
14895.0,0.0,0.0,0.0,0.0
14900.0,0.0,0.0,0.0,0.0
14905.0,0.0,0.0,0.0,0.0
14910.0,0.0,0.0,0.0,0.0
14915.0,0.0,0.0,0.0,0.0
14920.0,0.0,0.0,0.0,0.0
14925.0,0.0,0.0,0.0,0.0
14930.0,0.0,0.0,0.0,0.0
14935.0,0.0,0.0,0.0,0.0
14940.0,0.0,0.0,0.0,0.0
14945.0,0.0,0.0,0.0,0.0
14950.0,0.0,0.0,0.0,0.0
14955.0,0.0,0.0,0.0,0.0
14960.0,0.0,0.0,0.0,0.0
14965.0,0.0,0.0,0.0,0.0
14970.0,0.0,0.0,0.0,0.0
14975.0,0.0,0.0,0.0,0.0
14980.0,0.0,0.0,0.0,0.0
14985.0,0.0,0.0,0.0,0.0
14990.0,0.0,0.0,0.0,0.0
14995.0,0.0,0.0,0.0,0.0
15000.0,0.0,0.0,0.0,0.0
15005.0,0.0,0.0,0.0,0.0
